cust_code,cust_name,address1,city1,state1,country1,pincode1,address2,city2,state2,country2,pincode2
C101,Lon Swinburn,Suite 75,Quemú Quemú,Rhode Island,Mexico,13579,Apt 450,Canmang,Kentucky,France,67890
C102,Bianca Niccols,Room 1582,Colmar,Rhode Island,United Kingdom,54321,10th Floor,Bagroy,Virginia,Japan,13579
C103,Karney Cuddy,Apt 1323,Sandymount,Mississippi,Germany,67890,Apt 1055,Gyangqai,Arkansas,Australia,12345
C104,Wynnie Dyka,12th Floor,Pensacola,Nebraska,France,09876,PO Box 52656,Wucun,Minnesota,Canada,12345
C105,Mariele Fludder,Room 909,Tanjungpati,New Hampshire,China,13579,Suite 42,Bedford,North Dakota,Brazil,54321
C106,Pearl Colquhoun,Suite 86,Huruta,Utah,Japan,09876,Suite 30,Pueblo Nuevo,Hawaii,Australia,54321
C107,Elita Conkling,Suite 68,Huanglong,Hawaii,China,13579,Room 1809,Nynäshamn,Delaware,Japan,67890
C108,Jule Stirzaker,Room 961,Jönköping,Oregon,United States,13579,Suite 10,Quimistán,Nebraska,India,67890
C109,Ynez De Giovanni,Room 125,Jangkat,New Mexico,China,12345,7th Floor,Münster,North Dakota,Mexico,54321
C110,Meredithe O'Gready,Suite 63,Chernomorets,New Jersey,Japan,12345,7th Floor,Gerdu,Georgia,Australia,09876
C111,Angelique Randerson,Suite 65,Wenfu,Missouri,Germany,67890,11th Floor,Blagodarnyy,Maryland,Mexico,54321
C112,Anna-diane Puzey,Suite 37,Göteborg,Missouri,France,54321,Room 755,Majiao,Missouri,Canada,67890
C113,Duke Dey,Room 366,Kipushi,Maryland,Australia,67890,Suite 25,Jianfeng,Indiana,Canada,54321
C114,Audrie Letixier,Suite 50,Jaqué,Arkansas,Mexico,13579,Room 1757,Yalagüina,Connecticut,Canada,13579
C115,Nelia Parcells,Room 994,Camp Flora,Minnesota,Germany,67890,PO Box 45481,Korogan Timur,New Jersey,United States,12345
C116,Cornelle Endean,Apt 1033,Casal,Kansas,Brazil,67890,1st Floor,Abaetetuba,Colorado,Australia,67890
C117,Luise Sand,Suite 69,Tabug,Montana,Canada,13579,Room 159,Tamandaré,Indiana,United States,13579
C118,Kippar Blinco,PO Box 11359,Farasān,Pennsylvania,Germany,12345,8th Floor,Jakšić,Georgia,Australia,09876
C119,Annalise Forrest,9th Floor,Opol,Wisconsin,Brazil,12345,Room 1879,Bīr Zayt,Maryland,France,12345
C120,Linnea Badwick,Apt 566,Rogoźnik,Idaho,United States,12345,Suite 52,Qianjiang,Alaska,Japan,09876
C121,Stacy Cully,Room 1039,Pathum Thani,Connecticut,Japan,67890,Room 60,Tak,Louisiana,Canada,54321
C122,Marcellina Bredgeland,Apt 35,Chicoana,North Dakota,Australia,09876,PO Box 16997,Pará de Minas,Alabama,Brazil,13579
C123,Keefer Willock,Suite 51,Hongping,Kansas,Germany,12345,PO Box 42639,Jianping,Alabama,Australia,09876
C124,Marilee Monksfield,Room 1746,Montecristi,Alaska,France,09876,13th Floor,Washington,Connecticut,Mexico,09876
C125,Merna McVey,Apt 462,Benito Juarez,Hawaii,Germany,09876,PO Box 12636,Odivelas,Pennsylvania,Canada,67890
C126,Jone Tumini,1st Floor,Kende,North Carolina,Canada,13579,Room 50,Villa Alemana,Oregon,United Kingdom,09876
C127,Bernadina Fassmann,Suite 43,Laizhou,Massachusetts,United Kingdom,67890,4th Floor,Minggang,Missouri,France,12345
C128,Barrett Williamson,4th Floor,Laval,Illinois,United States,12345,Apt 115,Jianchang,New Jersey,Canada,13579
C129,Jobey Andrea,Room 1342,Monteiro,Colorado,Brazil,67890,PO Box 7161,La Palma,California,Mexico,13579
C130,Lanie Rummins,Room 42,San Francisco,Virginia,France,12345,Apt 584,Áyios Nikólaos,Delaware,United States,54321
C131,Aubry Hobson,15th Floor,Santi Suk,West Virginia,United States,54321,Room 389,Sankt Andrä-Höch,Nebraska,Brazil,67890
C132,Ced Streeter,PO Box 98209,Sedatiagung,New Mexico,United States,13579,Room 696,Hikkaduwa,Virginia,Japan,54321
C133,Cinnamon Santora,Room 142,Fukuechō,Georgia,United States,12345,Apt 1156,Thị Trấn Mỹ Lộc,Missouri,France,09876
C134,Rickert Newrick,Suite 68,Guicheng,Pennsylvania,Japan,54321,PO Box 40171,Akbarābād,Oklahoma,Canada,09876
C135,Fianna Ivic,Apt 1785,Liangshan,New Hampshire,Japan,09876,Room 100,Sidowayah Lor,Iowa,Germany,54321
C136,Vivian Rutter,Room 1969,San Vicente,North Dakota,Germany,67890,2nd Floor,Kolodenka,Idaho,United States,12345
C137,Candice Bollon,PO Box 56760,Orleans,Michigan,Mexico,13579,Room 378,Biaokou,Maine,Mexico,12345
C138,Gusella Pattillo,PO Box 18600,Kara Suu,Oregon,Canada,12345,PO Box 2535,Mont-Royal,New York,France,54321
C139,Gleda Tweedie,Suite 23,Brikama,Alabama,United Kingdom,09876,12th Floor,El Quebrachal,New Hampshire,India,09876
C140,Pamela Yockney,Room 652,Phunphin,Kentucky,United Kingdom,09876,16th Floor,Agassiz,Wyoming,Japan,13579
C141,Randy Pierpoint,9th Floor,Mshinskaya,Tennessee,Mexico,09876,Suite 66,Zharkent,Nevada,Japan,12345
C142,Zahara Scottesmoor,Apt 1601,Balzers,Tennessee,Canada,09876,Suite 46,Bolboc,Rhode Island,Australia,13579
C143,Waverly Ajsik,Room 1456,Dangcalan,Oregon,Brazil,13579,3rd Floor,Chrást,Louisiana,Canada,12345
C144,Almire Beechcraft,Room 1348,Kaznějov,Arkansas,Canada,13579,PO Box 42089,Baoji,Michigan,Australia,67890
C145,Sutherland Hoggetts,Room 1440,Hagi,Michigan,United States,09876,5th Floor,An Nāşirīyah,Maine,France,13579
C146,Jonell Tremble,Apt 1640,Shuangmiao,Rhode Island,Germany,09876,Apt 1233,Bagou,Texas,United Kingdom,12345
C147,Elsy Carder,PO Box 19794,Belén de Escobar,New Hampshire,Canada,09876,Room 1491,Viga,West Virginia,Australia,13579
C148,Millisent Woodfin,Room 1898,Guwoterus,New Mexico,China,09876,PO Box 79363,Muting,Ohio,France,67890
C149,Sawyer Scahill,3rd Floor,Coasa,Rhode Island,United Kingdom,67890,Room 337,Tervel,Mississippi,Japan,67890
C150,Alair Macrae,Apt 311,Jiulongshan,North Dakota,China,13579,Room 150,Houxi,Hawaii,Australia,13579
C151,Sophey Lassells,Room 1261,Sumbersari Wetan,Illinois,Canada,13579,Room 856,Bergvliet,Utah,United Kingdom,54321
C152,Johann Scrancher,Suite 42,Poděbrady,New York,Mexico,09876,Apt 1944,Longba,Oklahoma,India,67890
C153,Randall Poel,Suite 94,Ghauspur,Hawaii,China,67890,9th Floor,Mariano Moreno,Virginia,United Kingdom,13579
C154,Kai Ripsher,Room 1623,Brunflo,Ohio,United States,54321,PO Box 22130,Fort Abbās,New York,Australia,54321
C155,Marrissa Hawton,Apt 323,Nizhniy Ufaley,Minnesota,United States,12345,Room 329,Niimi,Minnesota,United States,12345
C156,Sol Westmore,PO Box 31037,Sarkand,Hawaii,Brazil,09876,Apt 394,Freixo de Numão,Mississippi,Canada,54321
C157,Alfons Mixworthy,PO Box 35974,Matamey,South Carolina,United Kingdom,12345,11th Floor,Shimen,Maryland,Australia,12345
C158,Milena Penrith,16th Floor,Pajo,Michigan,Germany,09876,Apt 1381,Jāsim,Oregon,Brazil,13579
C159,Malva Freak,Suite 35,Barong,Michigan,France,12345,Suite 75,Ágios Vasíleios,Nebraska,Canada,54321
C160,Dwight Critchell,Suite 79,Shashūbay,West Virginia,Brazil,54321,Room 1385,Labège,West Virginia,United States,67890
C161,Lorrie Shilburne,Suite 41,Az Zabadānī,Nebraska,France,13579,Suite 28,Goundi,South Dakota,Brazil,09876
C162,Anatola Suckling,Suite 49,Iktābah,New York,Canada,12345,Room 1962,Jieshou,Arkansas,Brazil,13579
C163,Ned Rawsen,Apt 602,Selishche,Tennessee,Brazil,12345,Suite 39,Nong Bua Daeng,Kentucky,Germany,13579
C164,Burch Jackett,Suite 52,Muhur,Missouri,Australia,12345,PO Box 17297,Sufang,Georgia,Australia,12345
C165,Kerr Autrie,Apt 26,Trzcinica,Arkansas,China,09876,PO Box 29045,Pryazha,Idaho,United States,09876
C166,Gorden Petford,Apt 1138,Langford,Louisiana,United Kingdom,54321,PO Box 2705,Kapinango,California,Mexico,13579
C167,Aldridge Scarth,1st Floor,La Argentina,Mississippi,Australia,09876,15th Floor,Punta del Este,Alabama,United Kingdom,09876
C168,Gannon Stefi,Apt 713,Kota Kinabalu,Virginia,Japan,12345,Apt 1532,Zhangcaizhuang,Illinois,Germany,67890
C169,Quinton Petracci,PO Box 75872,Jiedu,North Carolina,France,09876,Apt 157,Hejiayan,Alabama,France,09876
C170,Angil Martinek,16th Floor,Cafayate,South Carolina,France,09876,12th Floor,Belén,New Jersey,Germany,12345
C171,Trix Burkett,Apt 1023,Weitang,Vermont,Australia,09876,12th Floor,Cornillon,Connecticut,United States,12345
C172,Mabel Adamovitz,7th Floor,Dededo Village,Delaware,Mexico,09876,Apt 1440,Oehala,Oregon,United States,13579
C173,Trescha Matias,Apt 1419,Shali,Mississippi,United Kingdom,12345,Apt 1013,Paola,Connecticut,Mexico,12345
C174,Myles Delmage,Suite 80,Itaporanga,Utah,Japan,09876,Suite 12,Kilkís,Vermont,Japan,12345
C175,Carmine Stormonth,Room 1908,Piedade,Mississippi,Mexico,54321,Apt 1099,Xinji,Mississippi,Brazil,67890
C176,Genny Humfrey,Suite 98,Borovoy,South Dakota,Brazil,13579,Apt 1552,Nereta,Ohio,Japan,09876
C177,Hube Wicher,Apt 1834,Langjun,Indiana,Mexico,09876,8th Floor,Corani,Colorado,Australia,67890
C178,Muffin Heinemann,Room 647,Yuxi,Kentucky,France,67890,Suite 13,Phu Loc,Montana,India,12345
C179,Petunia Breffit,Suite 40,Weekombaka,Wyoming,France,09876,Room 1222,Vigia,Colorado,Brazil,09876
C180,Aurelea Brend,Suite 68,Bang Pahan,Iowa,Brazil,54321,18th Floor,Linan,Pennsylvania,United Kingdom,67890
C181,Wynny Schukert,Suite 47,Shanhou,South Carolina,United States,09876,PO Box 15652,Pingxiang,Mississippi,Mexico,13579
C182,Barth Stranaghan,8th Floor,Glyadyanskoye,North Dakota,United Kingdom,09876,PO Box 70097,Kaputian,Arkansas,France,12345
C183,Darnall Jessope,Suite 24,Kremenki,California,Mexico,12345,8th Floor,Kafr Mandā,Idaho,Japan,54321
C184,Silvan Fall,9th Floor,Chinhoyi,Massachusetts,United States,67890,Room 1203,Nanshui,Idaho,United States,09876
C185,Durward Filisov,13th Floor,Szemud,Ohio,Canada,13579,Apt 672,Xipi,Arizona,India,54321
C186,Alexandre Sheahan,PO Box 98232,Kumla,Louisiana,Australia,13579,Room 1744,Pailles,Georgia,Brazil,67890
C187,Vinny Hambrook,Apt 1014,Balbalan,Nevada,United Kingdom,67890,Room 277,Sokolac,New Mexico,United States,54321
C188,Julietta Marwick,Suite 54,Hongjiang,New Jersey,China,12345,PO Box 39514,Rio Negrinho,Texas,United Kingdom,54321
C189,Bartholomeo Heinrici,Apt 493,Sumber,Nevada,France,54321,Suite 19,Mazkeret Batya,Oregon,Brazil,12345
C190,Osbert Dossantos,Suite 54,Hörby,Vermont,Brazil,13579,Apt 402,Roodepoort,Wyoming,United Kingdom,12345
C191,Bar Oram,Apt 529,Seremban,Missouri,France,13579,Apt 746,Mahdia,Kansas,Brazil,12345
C192,Beth Sallier,Suite 31,Changning,North Dakota,Mexico,67890,11th Floor,Ma‘arrat an Nu‘mān,Alaska,United States,54321
C193,Rachelle Barrasse,PO Box 97569,João Alfredo,Nevada,France,67890,Apt 1797,El Rancho,South Dakota,Mexico,67890
C194,Mill Matusevich,5th Floor,Marondera,Massachusetts,United Kingdom,09876,17th Floor,Wadi Kidul,Idaho,United States,13579
C195,Boycey MacNeely,Room 1771,Erdao,Virginia,United Kingdom,67890,12th Floor,Baitang,Indiana,Mexico,67890
C196,Shayne Neiland,Apt 1543,Verkhnevilyuysk,Oklahoma,Japan,13579,12th Floor,Ḩalwān,Nebraska,France,67890
C197,Isacco Lyddiard,5th Floor,Bang Bon,Indiana,Australia,54321,Suite 21,Phrae,South Dakota,Brazil,13579
C198,Eolande Selly,PO Box 59033,Lagoa,Alaska,United States,67890,Apt 306,Marapat,Maine,Germany,09876
C199,Valli Stolz,18th Floor,Janowiec,Rhode Island,Japan,67890,Room 1787,Krajan Winong,South Carolina,Japan,54321
C200,Viviyan Halpeine,PO Box 13046,Makata,Hawaii,United Kingdom,12345,Room 1413,Carcar,Nevada,United Kingdom,12345
C201,Edlin Mummery,6th Floor,Göteborg,Ohio,Japan,12345,PO Box 78357,Izlake,Ohio,Australia,54321
C202,Malina Cream,PO Box 80221,Banjar Sedang,Nevada,China,12345,Apt 768,Vaiusu,New Hampshire,United Kingdom,09876
C203,Evvie Tallboy,2nd Floor,Bualu,Tennessee,Australia,54321,Apt 542,Gómez,Idaho,Australia,67890
C204,Berton Morrieson,PO Box 27141,Cielądz,Minnesota,Germany,54321,Room 514,Huanoquite,Connecticut,Australia,13579
C205,Florina Margerison,Room 280,Bolilao,West Virginia,China,13579,Suite 39,Nguluhan,South Carolina,India,54321
C206,Tracy Snelgrove,Apt 538,Austin,Wyoming,Canada,09876,Apt 1713,Malešići,Connecticut,United Kingdom,54321
C207,Ludovika Beeson,Room 1793,Zagnitkiv,Mississippi,Germany,12345,Apt 1363,Bokor,Kentucky,Brazil,12345
C208,Byrom Bonwick,Room 921,Ayapel,Delaware,Brazil,67890,PO Box 94931,Wojnicz,Nebraska,Japan,09876
C209,Wilow Dyneley,10th Floor,Burla,New Mexico,Australia,67890,Room 206,Shangping,Minnesota,France,13579
C210,Nichols Dewes,Room 1673,Markaz Bilād aţ Ţa‘ām,Montana,Mexico,54321,5th Floor,Al Ḩammāmāt,New Hampshire,India,12345
C211,Garvey Nijs,Apt 1111,Werang,South Dakota,France,67890,14th Floor,Wakkanai,Oregon,United Kingdom,12345
C212,Cherice Stappard,15th Floor,Ximapo,Arkansas,Japan,09876,Room 1568,Zapatero,South Dakota,Canada,12345
C213,Brooke Groger,Apt 1991,Dula’er Ewenke Minzu,Connecticut,Australia,13579,13th Floor,Shuicha,Florida,Mexico,13579
C214,Dominga Titheridge,20th Floor,Gaoua,California,Japan,13579,Apt 369,Zhigong,New Hampshire,Germany,67890
C215,Brandy Semmens,PO Box 75540,Luopu,Nevada,Japan,09876,Suite 98,Voronezh,California,India,09876
C216,Darcey Wimlet,Room 1895,Barg-e Matāl,Michigan,China,13579,Apt 823,Barretos,New Jersey,Brazil,09876
C217,Dorolisa Christley,PO Box 49996,Santa Ana Huista,Oregon,Australia,13579,Suite 100,Velká Bystřice,Alaska,Canada,09876
C218,Averell Quinnelly,Room 1604,Changshan,Missouri,Canada,13579,Suite 13,Timrå,North Carolina,Germany,13579
C219,Haroun Hannant,Room 84,Krajan Dua Putukrejo,Mississippi,France,09876,Apt 1304,Sahavato,Oregon,United States,12345
C220,Loy Egentan,PO Box 39046,Rude,Alaska,Canada,13579,Suite 94,Dongkan,Louisiana,United Kingdom,13579
C221,Bealle Mossom,PO Box 16717,Feodosiya,Hawaii,United Kingdom,12345,Suite 25,Lālmohan,North Carolina,United Kingdom,67890
C222,Mickie Roxbrough,Room 164,Terenozek,Michigan,France,13579,PO Box 47700,Kelowna,Pennsylvania,France,54321
C223,Carleton Dykins,Apt 446,Okunoya,New Jersey,United Kingdom,54321,Apt 1875,Lévis,Florida,Germany,12345
C224,Lenci Sprules,Room 1093,Casisang,New Hampshire,Mexico,67890,Suite 57,Makapanstad,Pennsylvania,Australia,12345
C225,Zaria Coope,16th Floor,Youxi Chengguanzhen,Florida,Mexico,13579,Apt 185,Esperança,North Dakota,Mexico,67890
C226,Sydney Delgardillo,20th Floor,Częstochowa,New Hampshire,France,09876,PO Box 45402,Houzhai,Massachusetts,Canada,67890
C227,Parker Blount,Apt 783,Onega,New York,United Kingdom,09876,Suite 80,Otjimbingwe,Rhode Island,Canada,09876
C228,Jo-ann McCandless,Suite 59,Huixian Chengguanzhen,Rhode Island,Australia,12345,PO Box 35598,Videira,Indiana,France,09876
C229,Lorraine Burdekin,Room 1431,Villa María,South Dakota,France,54321,Apt 1403,Banayoyo,Kansas,Mexico,67890
C230,Thatcher Brugsma,10th Floor,Yangji,Wyoming,Germany,13579,Suite 49,Jhumra,Minnesota,Australia,67890
C231,Barnebas Ardling,Room 1621,Nova Prata,Wyoming,United States,54321,11th Floor,Annecy,Arizona,Brazil,67890
C232,Pierson Stovine,PO Box 82052,Wuquan,West Virginia,France,54321,PO Box 50908,Chengdong,Wyoming,Australia,54321
C233,Austin O'Neill,PO Box 4104,Gielniów,Minnesota,Mexico,09876,Room 233,Pô,Idaho,Brazil,54321
C234,Dallon Oakden,Apt 787,Yantai,Mississippi,Brazil,67890,Room 1776,Dolní Sloupnice,Montana,India,12345
C235,Lise Ivamy,Apt 628,Sumoto,New York,Brazil,12345,Apt 1296,Norrköping,Illinois,United Kingdom,13579
C236,Devonne Caulkett,15th Floor,Daoxian,Kentucky,Japan,09876,13th Floor,Prestea,Ohio,Germany,13579
C237,Nataline Shelvey,Suite 23,Atocha,Tennessee,France,54321,Suite 99,Lenešice,Missouri,India,13579
C238,Derick Konerding,Suite 82,Chagang,Alabama,Brazil,67890,Apt 1269,Tanza,Mississippi,Germany,13579
C239,Antonino Donovan,Apt 1514,Linxi,Alabama,France,67890,PO Box 47326,Koronganayam,Connecticut,Japan,54321
C240,Vivian Lilburne,10th Floor,New York City,Hawaii,United States,13579,Suite 98,Thành Phố Hà Giang,Texas,Germany,67890
C241,Dion Gillyatt,Room 1635,Qīr Moāv,Maryland,Brazil,54321,7th Floor,Guéret,Connecticut,Mexico,67890
C242,Sheilakathryn Dybald,3rd Floor,Tawali,New Mexico,France,54321,Room 667,Maikun,Minnesota,United Kingdom,13579
C243,Claiborn Askwith,Room 1005,San Jacinto,Nebraska,United Kingdom,12345,Suite 4,Bulri,Arkansas,Mexico,13579
C244,Britteny Riding,Room 878,Qinglin,Illinois,Mexico,54321,Apt 252,Moutas,Kentucky,Brazil,54321
C245,Griffy Odger,5th Floor,Guantou,Kentucky,Canada,67890,3rd Floor,Manis Mekarwangi,Indiana,Canada,09876
C246,Alida Watmough,PO Box 77175,Matinha,Oklahoma,United Kingdom,12345,Apt 67,Kobiernice,Wyoming,United Kingdom,12345
C247,Cass Amey,3rd Floor,Yezhu,New York,United Kingdom,09876,PO Box 92482,Luoyuan,Washington,Germany,09876
C248,Valentia Carbett,Suite 60,Jiangning,Idaho,Brazil,67890,Suite 97,Geldrop,Wyoming,United Kingdom,67890
C249,Fletcher Roux,Apt 91,Kulaman,North Dakota,China,09876,Suite 64,Pedraza,Hawaii,Canada,54321
C250,Piggy Clowton,10th Floor,Ermida,South Dakota,Germany,13579,Apt 1540,Guiyang,Mississippi,United States,67890
C251,Lora Hannan,PO Box 2844,Leles,Kansas,Japan,67890,PO Box 97159,Pisangkemeng,Arizona,Australia,54321
C252,Linn Shorbrook,PO Box 42176,Bagroy,North Dakota,Canada,12345,1st Floor,Środa Wielkopolska,Utah,United Kingdom,09876
C253,Marsha Lownsbrough,Room 1878,Kortkeros,South Carolina,Australia,13579,Suite 66,Casais Baleal,New Jersey,India,54321
C254,Ellyn Saill,PO Box 66371,Salt Lake City,Florida,Germany,54321,PO Box 92763,Río Hondo,Idaho,United States,09876
C255,Rubie Adamec,PO Box 589,Guilmaro,Montana,Australia,09876,PO Box 21739,Candoni,Minnesota,Australia,54321
C256,Kandy Fayne,17th Floor,Malvinas Argentinas,New Mexico,Canada,13579,Suite 53,Partille,Tennessee,United Kingdom,12345
C257,Trev Eltone,Room 408,Xianyan,Delaware,Australia,12345,Suite 77,Quankou,Minnesota,United Kingdom,54321
C258,Cleveland Drees,PO Box 1434,Infonavit,Nevada,China,12345,Room 418,Chambas,Maine,Brazil,09876
C259,Isa Shalloe,17th Floor,Stulovo,Maryland,Germany,09876,18th Floor,Gaofeng,Texas,Germany,67890
C260,Orson Brookes,Room 1833,Vale de Mendiz,Nebraska,United States,09876,Room 870,Ilyich,Alaska,Canada,09876
C261,Lelah MacDermot,Apt 43,Saribudolok,Maryland,United Kingdom,09876,PO Box 65208,Baruunturuun,Alaska,Canada,13579
C262,Rosana Coulling,PO Box 30786,Bang Kaeo,South Dakota,France,54321,11th Floor,Mazār-e Sharīf,California,Mexico,67890
C263,Gilligan Ellins,Suite 80,Afanas’yeva,Montana,United Kingdom,67890,19th Floor,Amboanjo,Indiana,Germany,09876
C264,Elnore Pagon,Apt 1052,Meizhou,New Hampshire,France,54321,Apt 1926,Pompéia,Ohio,India,13579
C265,Roberta Bruhke,11th Floor,Maodian,Mississippi,Australia,67890,PO Box 27359,Gusev,Kentucky,United Kingdom,09876
C266,Serene Vasyunichev,Suite 72,Kinsealy-Drinan,Utah,Australia,54321,Apt 376,Jatisari,Nevada,Canada,67890
C267,Milli Chaulk,7th Floor,Eucaliptus,Louisiana,Japan,12345,PO Box 43490,Mandala,Michigan,United Kingdom,12345
C268,Salomone Sheehan,Suite 78,Yarmolyntsi,Kentucky,Japan,12345,Apt 505,Aūa,Pennsylvania,Australia,12345
C269,Gigi Pawnsford,Apt 1903,Liuche,Nebraska,China,12345,Room 1509,Buzovna,Arkansas,Japan,13579
C270,Lynnette Benedikt,PO Box 60908,Gazanjyk,Colorado,Mexico,12345,Room 1904,Fukura,Pennsylvania,Japan,13579
C271,Laughton Leys,Suite 100,Youdunjie,Missouri,France,54321,PO Box 72153,Kiuola,Louisiana,France,54321
C272,Prue Rowdell,3rd Floor,San Antonio,Washington,Australia,13579,Suite 73,Montluel,Massachusetts,Mexico,13579
C273,Lishe Linning,Suite 44,Mlimba,South Dakota,United States,67890,Suite 26,Tsul-Ulaan,Pennsylvania,Australia,12345
C274,Aurlie Lindell,Room 96,Sumiainen,Connecticut,Brazil,54321,4th Floor,Shuakhevi,Virginia,France,12345
C275,Leigh Linnitt,Suite 34,Volokonovka,Alaska,Brazil,13579,14th Floor,Maxu,Oregon,Germany,54321
C276,Kassandra McTurlough,PO Box 26693,Taoyuan,New Mexico,Japan,09876,15th Floor,Bantaeng,Iowa,India,54321
C277,Rodrique Thowless,5th Floor,Amuntai,New Hampshire,Canada,12345,Apt 1716,Bangker,Wisconsin,India,12345
C278,Berenice Kingsley,Suite 78,Cruz Alta,California,United States,54321,Apt 928,Salantai,Idaho,Australia,09876
C279,Nanette Tilby,Room 1940,Amirdzhan,Oregon,China,13579,Room 151,Longtan,North Carolina,Australia,09876
C280,Gusella Simester,PO Box 85297,Ribeirão Pires,North Dakota,Australia,67890,9th Floor,Jāndiāla Sher Khān,Wisconsin,Brazil,54321
C281,Joey Pattison,Apt 1973,Fomento,Iowa,Brazil,13579,Apt 557,Toulon,Wisconsin,United States,54321
C282,Olenka Vesty,Room 506,Junyang,Georgia,China,13579,PO Box 86489,Shen’ao,Tennessee,United Kingdom,67890
C283,Nollie Kayne,Suite 90,Cidadap,Washington,Australia,54321,Suite 89,Nar'yan-Mar,Nebraska,Canada,12345
C284,Ruthie Trussell,PO Box 23809,Bélel,South Carolina,Germany,67890,Room 408,Sa Bot,Tennessee,United States,13579
C285,Clemens Corrin,Suite 83,Klippan,Oregon,Brazil,13579,Suite 81,Yuankeng,Alabama,Germany,54321
C286,Skell McCurt,Apt 725,Ocoruro,Missouri,Australia,12345,Apt 870,Kinnegad,North Carolina,Germany,13579
C287,Dalia Aizkovitch,2nd Floor,Ubá,Georgia,Mexico,09876,14th Floor,Pawa,Wyoming,France,13579
C288,Maribeth Hinkens,Room 1921,Petit Raffray,Arizona,Japan,54321,Apt 570,Gapluk,Illinois,Australia,09876
C289,Shep Powelee,14th Floor,Langgapayung,Connecticut,Mexico,09876,Apt 1574,Storozhevaya,California,United Kingdom,54321
C290,Cathie Konerding,2nd Floor,Xinlong,Tennessee,Australia,12345,Room 1345,Muruni,New York,Germany,54321
C291,Danell Clelle,PO Box 97343,Ipoh,Tennessee,Mexico,12345,PO Box 20270,Palencia,South Dakota,United States,09876
C292,Loydie North,Suite 55,Bayt ‘Adhāqah,Kansas,Canada,67890,Suite 18,Myitkyina,Louisiana,Canada,12345
C293,Ximenes Mackin,19th Floor,Ḩarastā,Connecticut,Mexico,12345,Apt 1842,Shanxiahu,Illinois,Australia,09876
C294,Garner Ramel,Apt 1143,Bronx,Oregon,United States,12345,Room 1666,Pappádos,Wyoming,Germany,12345
C295,Charlot Martynka,Suite 100,Mayuan,Hawaii,Brazil,13579,Suite 6,Jincang,Alaska,Japan,54321
C296,Lilla Maddams,Apt 932,Taokeng,Washington,Mexico,54321,Suite 96,Cluain Meala,West Virginia,Canada,12345
C297,Ainslie Krier,Suite 39,Söderköping,North Dakota,United Kingdom,09876,PO Box 31434,Kuala Lumpur,California,India,54321
C298,Nathalia Kilsby,6th Floor,Reriz,Michigan,Canada,67890,Apt 949,Kalinovskaya,Vermont,Germany,67890
C299,Horatio Matten,Suite 77,Jinchang,Pennsylvania,Australia,67890,Apt 197,Sevlievo,Connecticut,Brazil,13579
C300,Garvin Beecker,Room 1153,Devesa,Mississippi,Australia,13579,Suite 94,Straszyn,Michigan,Mexico,13579
C301,Anastasia Lesurf,Room 1418,Hongjiang,Delaware,United States,09876,Room 465,Davila,Kentucky,Mexico,09876
C302,Liana Coston,PO Box 38922,Jorok Dalam,Tennessee,China,13579,17th Floor,Atlanta,New Hampshire,Australia,54321
C303,Julian Velez,8th Floor,Ituiutaba,Oregon,Mexico,67890,Apt 986,Zalishchyky,Alaska,France,67890
C304,Conway Carlton,Room 904,Orzesze,California,China,54321,Apt 1596,San Fernando,Kansas,Japan,67890
C305,Normy Jeness,Room 1711,Orsha,New Jersey,United Kingdom,09876,18th Floor,Bellavista,Louisiana,Brazil,12345
C306,Margot Addyman,PO Box 65957,Jingnao,Virginia,Japan,13579,Suite 5,Hucheng,New Jersey,United States,54321
C307,Bertie Keane,Apt 1041,Tianyi,New York,United Kingdom,67890,Apt 348,Novi Itebej,Idaho,Brazil,13579
C308,Adriana Shires,PO Box 77903,Karbunara e Vogël,North Carolina,United Kingdom,09876,3rd Floor,Matriz de Camaragibe,Maryland,Japan,67890
C309,Rhea Haggett,PO Box 62292,Stryszawa,Michigan,Mexico,54321,Apt 1127,Paraná,Georgia,Germany,54321
C310,Klara Bidder,12th Floor,Bulihan,Maryland,United Kingdom,13579,Suite 79,Liutao,Tennessee,France,54321
C311,Jeremiah Filintsev,PO Box 10759,Wielgie,Alabama,Germany,09876,PO Box 75526,Arlington,Maryland,Brazil,67890
C312,Nicolais Juszczyk,2nd Floor,Ciherang,Kansas,Australia,12345,Room 1514,Magsalangi,Virginia,United Kingdom,54321
C313,Ketty Hindmoor,Apt 375,Alíartos,Nebraska,Japan,67890,8th Floor,San Luis,Washington,Australia,09876
C314,Alexander Joynt,PO Box 6309,Cikaras,New York,Mexico,12345,PO Box 18456,Jāmpur,South Dakota,India,09876
C315,Valera Millwall,10th Floor,Baliuag,New York,Germany,13579,18th Floor,Oslo,Idaho,Australia,13579
C316,Maisie Klimmek,Suite 88,Shatoujiao,Maryland,France,12345,Room 676,Sousse,Indiana,Australia,09876
C317,Giacinta Grouse,Room 883,Pérama,Louisiana,France,67890,Suite 12,Hyrynsalmi,New Mexico,India,09876
C318,Rahal Murdy,PO Box 1761,Ciawitali,Montana,Japan,54321,PO Box 83669,Ballsh,South Dakota,Mexico,13579
C319,Giralda Labeuil,Suite 19,Prigi,Pennsylvania,Japan,13579,Room 486,Canggang,North Dakota,Japan,67890
C320,Reuven Zotto,Room 138,Rancasadang,Delaware,Australia,54321,8th Floor,Xiheshan,Vermont,United States,54321
C321,Mischa Dobrovsky,Apt 1557,Melíki,Illinois,Canada,13579,Room 1255,Talayan,Arkansas,Australia,54321
C322,Kip Grewar,Room 1189,Hyltebruk,Pennsylvania,China,12345,PO Box 78184,Sonta,Iowa,Germany,09876
C323,Ferdinand McIndrew,18th Floor,Konggar,Nevada,Australia,54321,Suite 29,Słotowa,Nevada,United States,09876
C324,Melisandra Clausen-Thue,PO Box 82855,Dieppe,South Dakota,Brazil,67890,Room 485,Xishanzui,Washington,India,09876
C325,Jody Chamley,Apt 444,Shirgjan,Kentucky,Germany,54321,13th Floor,Tukums,Colorado,Brazil,54321
C326,Burty Bedome,Apt 1557,Dongen,Vermont,Canada,12345,Suite 99,Mstów,Maryland,United States,54321
C327,Clayton Caisley,Room 1468,Shuanggang,New Hampshire,China,13579,Room 1426,Santa Praxedes,Maryland,France,67890
C328,Lindsey Plet,8th Floor,Dali,California,Australia,67890,Apt 1384,Puerto Berrío,South Carolina,Mexico,54321
C329,Eugenia Fausset,Apt 892,Daba,Utah,Brazil,54321,Suite 12,Rikitgaib,Delaware,Canada,54321
C330,Perceval Langforth,9th Floor,Kendung Timur,South Carolina,China,13579,11th Floor,Aleksinac,Arizona,Canada,12345
C331,Bennett Spofforth,3rd Floor,Waco,Montana,Australia,13579,8th Floor,Khadzhalmakhi,Oklahoma,India,67890
C332,Orella Lenaghen,5th Floor,Vacov,Minnesota,China,09876,Room 1495,Shetangpo,Washington,Brazil,54321
C333,Frazer Phethean,PO Box 29514,Palama,North Dakota,Brazil,54321,Suite 69,Murça,North Dakota,United States,12345
C334,Susannah Helleckas,15th Floor,Yueshan,South Carolina,Mexico,09876,2nd Floor,Deba Habe,Connecticut,Mexico,09876
C335,Gussi Bonett,Suite 99,Karjalohja,West Virginia,China,09876,Room 1479,Roshnik,Oklahoma,Mexico,54321
C336,Amelita Cohalan,Room 446,Jialu,West Virginia,Canada,67890,Suite 8,Azueira,Arkansas,Japan,67890
C337,Kesley Lewerenz,Suite 44,Roubaix,Minnesota,Canada,12345,Room 310,Lecherías,Colorado,United States,67890
C338,Zachary Anderer,13th Floor,Vila Moreira,New Hampshire,United Kingdom,09876,11th Floor,Hejiabao,North Carolina,Canada,13579
C339,El Baiss,PO Box 88809,Kabasalan,South Dakota,Canada,67890,Room 984,Fajsławice,Michigan,India,67890
C340,Powell Sleney,Suite 72,Kumagaya,New Mexico,Germany,54321,Apt 192,Portsmouth,Delaware,United States,67890
C341,Becki O'Cannan,9th Floor,Pucangkrajan,Maryland,Australia,54321,11th Floor,Cisiec,Tennessee,Australia,09876
C342,Renado Clowser,PO Box 22989,Francisco Morato,New Hampshire,Australia,13579,Apt 1932,Miskolc,Kansas,Brazil,13579
C343,Ernestine Dickman,7th Floor,Kloangrotat,West Virginia,China,09876,Room 716,Sémé,Wisconsin,Mexico,54321
C344,Cathlene Tamblingson,Apt 622,San Javier,Arkansas,China,54321,Suite 53,Libas,Colorado,Brazil,54321
C345,Karyn Iacofo,PO Box 19738,Arīḩā,Utah,Australia,67890,Apt 1678,Doña Remedios Trinidad,Missouri,United States,13579
C346,Cchaddie Frigout,PO Box 64280,Sundsvall,Delaware,Germany,09876,15th Floor,Trångsund,Arizona,United States,54321
C347,Brendin Aindrais,PO Box 52123,Mossel Bay,Ohio,Germany,12345,Apt 681,Lukavice,Washington,United Kingdom,67890
C348,Clemmie Berthe,PO Box 3977,Rzepiennik Strzyżewski,Minnesota,Australia,12345,Room 1765,Cisaro,Nevada,Japan,09876
C349,Dulci Dallon,PO Box 43922,Belomorsk,Minnesota,Japan,67890,Room 1009,Makui,Hawaii,Brazil,13579
C350,Brynne Dutch,Room 805,Wuqiao,Arkansas,France,09876,Suite 55,Baitouli,Vermont,Japan,67890
C351,Kristofor Deakin,PO Box 87954,Český Těšín,Nevada,Canada,67890,Room 1055,Licheń Stary,Maine,Brazil,13579
C352,Dela Mioni,Apt 1051,Żelazków,Alabama,Canada,12345,3rd Floor,Zaječí,Vermont,France,67890
C353,Valentine Martine,19th Floor,Victoria,Kentucky,Germany,54321,Room 1611,Itapemirim,New York,United States,67890
C354,Curtice Derye-Barrett,6th Floor,Shuangjie,Alabama,Brazil,67890,Suite 63,Kentongan,New Hampshire,United States,54321
C355,Delmor Flade,13th Floor,Chengji,West Virginia,Canada,12345,12th Floor,Cibatu,Oregon,Germany,12345
C356,Ham Hubbucke,Apt 66,Polešovice,West Virginia,Japan,54321,Apt 1822,Nambak Tengah,Indiana,France,67890
C357,Giacinta Torbett,PO Box 71863,Sriwing,Rhode Island,Australia,54321,Suite 85,Cela,Vermont,United States,13579
C358,Joan Grayham,Room 1195,Mesyagutovo,Alaska,Japan,54321,PO Box 93446,Mojorembun,Hawaii,France,09876
C359,Aeriel Tincknell,Suite 33,Xiaoshun,Wisconsin,China,13579,3rd Floor,Nowa Dęba,North Dakota,Canada,67890
C360,Fawnia Retallack,PO Box 85599,Municipio de Copacabana,West Virginia,China,12345,PO Box 30497,Bech,Pennsylvania,Canada,12345
C361,Eydie Hawkswood,3rd Floor,Sebegen,Oregon,Germany,54321,Room 925,Águas Belas,Utah,Germany,09876
C362,Jaquelin Trebbett,17th Floor,Miao’ertan,Ohio,Japan,12345,Suite 28,Khlong Toei,Arkansas,Germany,67890
C363,Godart Scandrite,Room 446,Hucheng,Minnesota,China,13579,Suite 85,Matang,Indiana,Canada,12345
C364,Fidole Scotson,Room 1709,Ropice,Arizona,Brazil,67890,Apt 1318,Wilkes Barre,New York,India,09876
C365,Alessandro Akid,Apt 559,Plereyan,Mississippi,Japan,09876,PO Box 79531,Yoshkar-Ola,Wyoming,Germany,54321
C366,Ardenia Petry,5th Floor,Fulu,Nebraska,Australia,09876,10th Floor,Corinto,Kentucky,United Kingdom,12345
C367,Rosamund Hawyes,Apt 1720,Presidente Epitácio,Oregon,Canada,67890,5th Floor,Talayan,Rhode Island,Japan,13579
C368,Eulalie Hodges,Suite 15,Pilzno,Michigan,Japan,54321,Apt 593,Fukiage-fujimi,Alaska,Mexico,09876
C369,Hughie Cochet,Room 769,G‘azalkent,Michigan,Mexico,13579,PO Box 61130,Zafar,New Hampshire,Mexico,09876
C370,Lind De Marchi,Room 724,Phatthana Nikhom,Massachusetts,Australia,12345,Room 423,Lages,Connecticut,Germany,12345
C371,Baldwin Kobiera,Room 844,Qaram Qōl,Montana,Canada,13579,Room 201,Celeirós,Nevada,Japan,54321
C372,Joceline Gilbody,Room 718,Nis’oni,Colorado,France,67890,PO Box 47566,Torslanda,Missouri,India,09876
C373,Elmore Slopier,PO Box 61899,Drnje,South Dakota,Japan,54321,15th Floor,Liubo,South Carolina,Mexico,54321
C374,Polly Chaperling,15th Floor,Paucarcolla,Texas,China,67890,Suite 36,Rizó,Wisconsin,Australia,13579
C375,Clevie Bruhnsen,14th Floor,Duba-Yurt,Mississippi,Canada,13579,Apt 572,Bella Vista,South Carolina,India,67890
C376,Patricio Timlett,13th Floor,Ngadipuro,Texas,Canada,13579,Room 1204,Coxim,Oklahoma,France,13579
C377,Joey Kienzle,Apt 66,Brongkalan,Rhode Island,Mexico,12345,PO Box 57037,Lomma,North Dakota,Japan,09876
C378,Babs Hubbart,Room 1874,Obudovac,Connecticut,France,13579,Room 771,Fuxing,Idaho,Mexico,54321
C379,Joycelin Fitzsimons,Suite 59,Yuxin,Massachusetts,Japan,12345,PO Box 85941,Höllviken,Arizona,Brazil,67890
C380,Orazio Sealand,PO Box 67430,Xuanhua,Hawaii,Mexico,12345,PO Box 76309,Vedène,Hawaii,Canada,67890
C381,Esme Kitney,Suite 53,Pilníkov,California,Brazil,12345,Apt 1993,Chynadiyovo,Georgia,Canada,54321
C382,Myrtie Robichon,3rd Floor,Kawengan,Indiana,Canada,09876,Room 963,Kalibo (poblacion),West Virginia,Australia,09876
C383,Cello Klausewitz,Suite 60,Furudate,Arizona,United States,54321,Room 1147,Kuantan,Ohio,India,12345
C384,Angelia Kibby,Room 1502,Bålsta,Illinois,China,13579,4th Floor,Jedlová,Missouri,Germany,09876
C385,Patience Couronne,Suite 84,Krynice,Massachusetts,Germany,54321,Apt 216,Sukorejo,Oregon,Japan,09876
C386,Egbert Gun,PO Box 69158,Vincennes,Pennsylvania,United Kingdom,54321,2nd Floor,Nazran’,New Hampshire,United Kingdom,54321
C387,Jackson Fike,Apt 1814,Boavista,Utah,United States,09876,PO Box 91417,A-da-Gorda,Georgia,France,67890
C388,Simeon Langfat,17th Floor,San Cristóbal Totonicapán,Michigan,United States,12345,Apt 1820,Zhili,Florida,Canada,54321
C389,Dniren Basilio,Suite 51,Lýkeio,South Dakota,France,13579,16th Floor,Danja,Montana,Australia,13579
C390,Cathyleen Donavan,Suite 67,Quebrada Canoa,Vermont,Japan,54321,Room 1644,Jeżów Sudecki,Connecticut,Germany,54321
C391,Renato Girault,PO Box 90599,Sande São Martinho,South Carolina,Japan,09876,6th Floor,Quimper,New Jersey,Australia,12345
C392,Horacio Coskerry,10th Floor,Atap,Washington,Mexico,12345,13th Floor,Shenglilu,Mississippi,United States,67890
C393,Howie Littlewood,3rd Floor,Vohibinany,South Carolina,Japan,12345,Suite 91,Princeville,Delaware,Brazil,67890
C394,Marlena McKmurrie,Room 1996,Casal,Kansas,United Kingdom,67890,Suite 59,New York City,New Jersey,United Kingdom,09876
C395,Arnaldo Mosten,Suite 68,Chengxiang,Tennessee,United States,12345,Room 1457,Farkhor,Mississippi,France,67890
C396,Adan Tilbey,PO Box 69649,Pavlysh,Maine,United Kingdom,54321,2nd Floor,Inuyama,Louisiana,Japan,54321
C397,Kissie Dmytryk,Apt 501,Unión de Reyes,Washington,United Kingdom,67890,PO Box 79643,Inuvik,Louisiana,Germany,13579
C398,Willy Perel,Room 1792,Bassano,Texas,United Kingdom,13579,Apt 655,Fenoarivo Be,New York,Brazil,09876
C399,Madeleine Udden,16th Floor,Santo Amaro,Mississippi,China,67890,Apt 955,Vasilikón,Virginia,India,67890
C400,Carole Birkenhead,Apt 1335,Tintafor,Montana,China,67890,PO Box 14608,Shiquan,Arizona,India,12345
C401,Hoebart Refford,Room 1931,Prokhorovka,Alabama,Mexico,13579,12th Floor,Ciawi,Hawaii,Japan,09876
C402,Myrwyn Glide,Apt 1365,Baghdad,Mississippi,United Kingdom,13579,Suite 44,As Saffānīyah,Mississippi,Japan,54321
C403,Shayne Raveau,Suite 1,Carvalhal,Indiana,United Kingdom,13579,Room 749,Guimbal,Alabama,France,67890
C404,Derward Heyward,6th Floor,Tampa,Oregon,France,13579,Apt 1217,Djambala,Delaware,India,67890
C405,Dall Grindell,12th Floor,Nysa,New Mexico,Mexico,09876,Room 1064,Taoyao,Arkansas,Canada,13579
C406,Rasia Thies,Suite 61,Shiyuan,Colorado,Mexico,13579,7th Floor,Kodinsk,Kentucky,United Kingdom,12345
C407,Morena Schumacher,Apt 1067,Baleal,Utah,United States,09876,Room 1879,Gilowice,Alabama,Germany,67890
C408,Annalee Allin,2nd Floor,Colombes,Maryland,Brazil,54321,Suite 17,Pañgobilian,Alaska,Canada,12345
C409,Diannne Lapham,Apt 1047,Shar’ya,Virginia,Germany,54321,Suite 72,Pajé,West Virginia,India,12345
C410,Josie Maryman,15th Floor,Apongo,California,Canada,13579,PO Box 32202,Apóstoles,Texas,United Kingdom,13579
C411,Lita Kensy,17th Floor,Dayapan,South Dakota,United Kingdom,13579,Apt 298,San Lorenzo de Esmeraldas,Pennsylvania,Mexico,67890
C412,Lief Durtnal,Room 261,El Caño,North Carolina,Japan,12345,Room 1159,Pandansari,Nevada,United Kingdom,12345
C413,Bing Mabley,Room 656,Yaviza,Mississippi,Brazil,09876,8th Floor,Langkaplancar,Massachusetts,United Kingdom,54321
C414,Bobbie Beves,15th Floor,Grand Rapids,Delaware,Mexico,67890,Suite 7,Baise City,Vermont,Germany,12345
C415,Edan Ettels,PO Box 72412,Alejo Ledesma,Nevada,United Kingdom,13579,Room 979,Piekielnik,Colorado,India,67890
C416,Titus MacCosto,Room 490,Lincheng,New Mexico,Australia,09876,Suite 50,Cañasgordas,Pennsylvania,Australia,13579
C417,Cathie Wallbanks,PO Box 86250,Chepareria,Washington,Germany,54321,Apt 970,Hali,Oregon,Mexico,54321
C418,Caspar Brame,Suite 100,Fatumnasi,Rhode Island,France,13579,Apt 1602,Gemo,Montana,United Kingdom,12345
C419,Margaretta Burbury,PO Box 55835,Brusy,Nebraska,United Kingdom,13579,Apt 133,Ðà Lạt,Maine,Canada,13579
C420,Carmine Strivens,Room 1275,Somdet,Oklahoma,Germany,12345,Room 1278,Valtimo,West Virginia,Japan,09876
C421,Alia Guye,Suite 31,Girang,Maryland,United States,09876,Apt 1262,Al Başrah,Nebraska,India,67890
C422,Florie Auckland,Room 932,Shalqīya,Montana,Germany,54321,Room 357,Lübeck,Delaware,India,67890
C423,Lane Henricsson,6th Floor,Punata,Virginia,China,67890,Apt 648,Fort Worth,North Carolina,France,13579
C424,Barty Edowes,11th Floor,Zebrzydowice,Mississippi,United States,12345,Apt 961,Dahu Satu,Alaska,Australia,67890
C425,Kessiah Kerfod,17th Floor,Huangtu,Kansas,Australia,67890,10th Floor,Inawashiro,Wisconsin,United Kingdom,13579
C426,Zolly Clewarth,20th Floor,Maloarkhangel’sk,Wisconsin,United States,54321,Suite 99,Sunan,Kentucky,Australia,67890
C427,Amaleta Suscens,Suite 82,Qinghu,Arkansas,France,09876,Suite 81,Lāchi,Illinois,Germany,13579
C428,Mercedes Jenkin,PO Box 32358,High Prairie,Rhode Island,Brazil,12345,Apt 1236,Montbrison,Minnesota,Japan,13579
C429,Emmerich Matuszewski,Apt 380,Pingshan,Mississippi,Canada,67890,Suite 36,Kembangan,Oklahoma,Mexico,67890
C430,Adore Gautrey,Suite 86,Tugela Ferry,Montana,Japan,09876,8th Floor,Fresnes,Mississippi,India,67890
C431,Halie Ruos,Room 1975,Wotan,Pennsylvania,Japan,12345,Apt 1841,Tanahbeureum,Idaho,Brazil,54321
C432,Arri Petrov,18th Floor,Leńcze,Tennessee,Mexico,54321,PO Box 49805,Xicun,Arizona,Canada,09876
C433,Ki Natalie,Apt 1718,Lugo,Louisiana,Australia,09876,19th Floor,Lengkongbarang,Vermont,India,09876
C434,Rachael Carine,4th Floor,Água de Pau,Kentucky,Brazil,67890,Room 368,Maluko,New York,India,09876
C435,Lawrence Backs,PO Box 49233,Bihoro,Georgia,Germany,12345,Apt 1189,Ganchazi,Idaho,India,54321
C436,Drusi Bullers,Suite 6,Špišić-Bukovica,Texas,Germany,67890,PO Box 22709,Luzhany,North Carolina,United Kingdom,54321
C437,Dolly Forre,PO Box 45754,Kuala Lumpur,Colorado,Japan,12345,Suite 89,Aripuanã,North Carolina,United Kingdom,09876
C438,Udell Magrannell,Room 1514,Xiaodukou,Delaware,Brazil,09876,Room 1475,Emiliano Zapata,New York,Brazil,54321
C439,Tammie Yedy,Suite 5,Winong,Ohio,Canada,12345,Apt 1959,Mirador,Texas,Canada,12345
C440,Dore Hendriks,20th Floor,Round Rock,South Carolina,Canada,13579,18th Floor,Abengourou,Rhode Island,United Kingdom,12345
C441,Fabian Bosward,9th Floor,Huayllabamba,Indiana,France,67890,Suite 47,Tulcán,Maryland,Brazil,12345
C442,Friedrick Bulch,14th Floor,Yayao,Mississippi,China,09876,Room 506,Kuching,Massachusetts,India,09876
C443,Viki Parlour,Room 873,Tsimlyansk,Kansas,Canada,54321,PO Box 26994,Lukavice,California,France,13579
C444,Estel Marzelli,10th Floor,Mobara,Maryland,Mexico,13579,11th Floor,Sangar Sarāy,Mississippi,Germany,67890
C445,Harbert Giannazzo,Suite 66,Garešnica,Mississippi,China,09876,Room 1240,Linda Vista,North Dakota,France,09876
C446,Trudey Dabes,Room 939,Toulouse,Louisiana,Canada,67890,Apt 474,Oni,Georgia,United Kingdom,09876
C447,Tomas De Cristofalo,Apt 219,Nai Harn,Nevada,China,67890,Apt 1762,Longquan,Alaska,Mexico,67890
C448,Hebert Alexandersen,Room 1249,Kuala Terengganu,Alaska,Brazil,12345,Room 1577,Campaka,Illinois,Germany,13579
C449,Tannie Frossell,PO Box 21399,Aldeia da Piedade,Nebraska,Brazil,13579,6th Floor,Mazongshan,Maine,Mexico,67890
C450,Marcella Alexsandrev,Apt 1380,San Mateo,Colorado,Japan,12345,Apt 1694,Filothéi,Utah,India,09876
C451,Bell Walthall,Suite 74,Shwebo,Massachusetts,Mexico,67890,Suite 56,Glória do Goitá,Wyoming,Japan,54321
C452,Ruben Habron,16th Floor,Mayenne,Wyoming,Japan,09876,Room 85,Namboongan,Iowa,Australia,13579
C453,Robbin Squier,PO Box 75076,Xitianwei,California,Australia,13579,Room 43,Fuji,Massachusetts,Canada,12345
C454,Gan Barenski,Apt 25,Shishi,Ohio,Canada,67890,18th Floor,Randuagung,Pennsylvania,United States,67890
C455,Kerwinn Lebarree,Suite 97,Mîndreşti,Kentucky,Germany,67890,Room 420,Dvůr Králové nad Labem,Washington,Canada,09876
C456,Devonne Barwell,Suite 88,Kubangkondanglapangan,Connecticut,Brazil,12345,19th Floor,Jacinto Arauz,Alabama,Brazil,67890
C457,Tiertza Gutman,12th Floor,Bang Bon,New Hampshire,United Kingdom,09876,PO Box 85515,Mayrtup,Alabama,Germany,12345
C458,Yorgos Jery,Room 132,Badarganj,North Carolina,China,54321,Room 1153,Kalashnikovo,Virginia,Australia,67890
C459,Angelle Juares,Apt 262,Ljungby,Indiana,United Kingdom,12345,13th Floor,Ulety,Michigan,United Kingdom,09876
C460,Philly Cutteridge,PO Box 80942,Alejo Ledesma,Tennessee,China,54321,Apt 1730,Bao’an,California,India,67890
C461,Merrick Wallas,Apt 856,Jivia,Washington,Australia,09876,Room 299,Ocampo,Arkansas,Germany,09876
C462,Floyd Ubank,Apt 1784,Nyagla,Alabama,Mexico,12345,PO Box 12623,Faḩmah,Utah,United States,12345
C463,Micheal Skellern,Apt 1752,Guebwiller,Hawaii,Australia,67890,Suite 6,Wangcheng,Maine,France,54321
C464,Alisa Enos,PO Box 35154,Yoro,North Dakota,France,54321,PO Box 7614,Shuangkou,Montana,United Kingdom,67890
C465,Heloise Bouttell,Room 885,La Rioja,Delaware,China,13579,PO Box 3085,Gostivar,New Mexico,Australia,54321
C466,Lazare Lovie,19th Floor,Jinhe,Tennessee,Canada,09876,PO Box 53206,Chikeng,South Carolina,United States,67890
C467,Wandie McCart,Suite 21,Okakarara,Connecticut,France,54321,Room 787,Neni,Mississippi,Canada,12345
C468,Krispin Starrs,PO Box 55044,Ḏânan,Hawaii,France,12345,PO Box 69395,Fengyang Fuchengzhen,Texas,Japan,12345
C469,Samson Giovannoni,Room 484,Da’an,Minnesota,China,54321,Suite 63,Samothráki,New Jersey,United Kingdom,12345
C470,Reena Goldsbury,PO Box 87003,Dejilin,Montana,Germany,67890,PO Box 97247,Golovchino,Rhode Island,United States,09876
C471,Ryon Krates,6th Floor,Zuocun,Michigan,Canada,67890,Suite 52,Masina,North Dakota,United Kingdom,67890
C472,Dan Menauteau,14th Floor,Haizigou,Alaska,United Kingdom,67890,11th Floor,Lodja,Maryland,Australia,09876
C473,Sioux Cassar,1st Floor,Lukovë,West Virginia,Canada,12345,Room 958,Uberlândia,North Dakota,France,09876
C474,Hewe Yurinov,Room 1627,Sawaengha,New Jersey,Japan,67890,Suite 2,Vashkivtsi,Oklahoma,India,13579
C475,Melodee Maben,Apt 1857,Goshogawara,Arizona,Canada,67890,Apt 973,Chilecito,Louisiana,Germany,12345
C476,Dynah Spaven,4th Floor,Nykarleby,Indiana,Canada,67890,PO Box 79569,Yongchuan,Massachusetts,Mexico,09876
C477,Karim Bocken,Suite 2,Luleå,Wisconsin,Mexico,09876,Apt 1903,Västerås,Michigan,India,12345
C478,Stanislas Tapscott,PO Box 82156,Barão de Cocais,Wisconsin,Germany,09876,Apt 1870,Neiba,New Mexico,Brazil,67890
C479,Linn Champkins,Suite 26,Tebanah,New Mexico,Mexico,54321,2nd Floor,Ailibugai,Maine,Canada,13579
C480,Angus Binestead,Room 1147,Tarouca,Maine,France,13579,14th Floor,Huangshan,Kentucky,Germany,67890
C481,Reena Sherrin,Apt 1186,Catujal Velho,Kentucky,Brazil,67890,Apt 1104,Obolensk,Tennessee,United States,09876
C482,Averill Stihl,Suite 10,Kasese,Wyoming,Brazil,13579,Room 915,Bahorí,North Carolina,France,67890
C483,Leeann Patesel,11th Floor,Guariba,Alabama,United States,13579,Suite 75,Santa Rosa,Colorado,Australia,12345
C484,Chiquia Wrangle,Suite 93,Minian,Kentucky,Mexico,54321,PO Box 41951,Baiyun,Maryland,Canada,12345
C485,Marthe Emor,Apt 1948,Minamata,Arkansas,United Kingdom,09876,Room 158,Riachão do Jacuípe,Vermont,United States,12345
C486,Amby Christofides,13th Floor,Năm Căn,Wisconsin,United Kingdom,13579,PO Box 14481,Wonocolo,New Jersey,United States,13579
C487,Cullie Schnieder,PO Box 21026,Tanguiéta,Mississippi,France,12345,Room 923,Aiánteio,Nebraska,United Kingdom,67890
C488,Mickie Willshere,PO Box 75779,Aomori Shi,Washington,Brazil,54321,Suite 76,Baoshan,Kentucky,Brazil,54321
C489,Kassia Speck,Room 1814,Balogo,Wyoming,United States,12345,PO Box 30228,Santa Cruz,Oregon,Japan,09876
C490,Scarlet Dumbarton,Suite 46,Chernigovka,Alabama,Canada,54321,Suite 19,Tomé,Oklahoma,India,54321
C491,Adrian Flawn,Apt 1754,Zheleznogorsk,Georgia,Mexico,13579,PO Box 3480,Mourelos,Delaware,United States,13579
C492,Ardeen Clogg,PO Box 40147,Shuitian,Ohio,United Kingdom,54321,Room 1606,Saltsjö-Boo,New York,France,09876
C493,Gwenora Gaunter,Suite 33,Udënisht,Idaho,Canada,67890,PO Box 34478,Dolo,Massachusetts,Australia,54321
C494,Nealon Lansley,Suite 4,Yuli,Illinois,China,12345,Room 1780,Debeljača,North Carolina,India,09876
C495,Adriane Donizeau,4th Floor,Sukasirna,Nevada,Germany,67890,Room 1840,Beni,Texas,United Kingdom,09876
C496,Brendin Duval,PO Box 30214,Bzenec,Nevada,France,09876,19th Floor,Baimi,Michigan,United Kingdom,13579
C497,Todd Dellow,Apt 299,Yuelai,Mississippi,United Kingdom,54321,PO Box 47508,Valle Grande,Oklahoma,United States,67890
C498,Michel Spray,PO Box 96053,Bassano,Oregon,Germany,67890,7th Floor,El Doncello,Arkansas,Germany,09876
C499,Cheston Pulteneye,PO Box 99131,Yukuhashi,Wyoming,France,67890,Suite 53,Santa Cruz,Minnesota,Canada,13579
C500,Fran Ellery,PO Box 91035,Wupu,Virginia,Canada,54321,11th Floor,Portëz,Arkansas,Germany,67890
C501,Jacky Haysar,Room 671,Saint-Ouen,Illinois,France,12345,Apt 954,Hongyansi,South Dakota,United Kingdom,67890
C502,Keary Jahnke,15th Floor,Kaesŏng,New York,Mexico,09876,Room 1573,Ficksburg,Oklahoma,Mexico,09876
C503,Olivier MacAree,Apt 1327,Heby,Florida,Japan,12345,Apt 425,Krajan,Arizona,Brazil,09876
C504,Marillin Brisland,Room 70,Hengshui,Maryland,United Kingdom,54321,Room 150,Librazhd,Michigan,Japan,13579
C505,Quintina Hrinchenko,13th Floor,Belleville,Michigan,Brazil,12345,Suite 41,La Guadalupe,Iowa,Australia,13579
C506,Angelia Crudginton,Room 1319,Nipawin,Missouri,United States,12345,Apt 1816,Huskvarna,Maine,Brazil,13579
C507,Martin Haughton,Suite 55,Aengceleng,Rhode Island,United States,12345,Apt 752,Kuvandyk,Arkansas,Mexico,12345
C508,Stormi Dachey,Apt 1645,Três Pontas,Oklahoma,Germany,13579,Room 1555,Uarini,Nebraska,Mexico,13579
C509,Estell Realff,Apt 1821,Szczecin,Indiana,United States,12345,Apt 1714,Victoria,Connecticut,Germany,54321
C510,Jonie Glasper,PO Box 72403,Kentongan,Minnesota,Canada,12345,PO Box 2467,Loutrá,Minnesota,France,54321
C511,Celie McDuffy,Apt 902,Lo Prado,Virginia,Brazil,54321,Room 67,Kesha,Kentucky,Mexico,09876
C512,Sandye Bonick,Room 700,Záhorovice,Kentucky,United Kingdom,12345,PO Box 71157,Vargem Grande,New Jersey,Brazil,09876
C513,Iago Lochhead,Apt 243,Garnich,Indiana,France,67890,Apt 1192,Stony Hill,Kentucky,United States,13579
C514,Jobyna Prando,Suite 74,Saint-Marcellin,Massachusetts,Japan,12345,Room 106,Koga,Iowa,France,09876
C515,Jennine Paula,Room 1368,Guang’an,Hawaii,Australia,09876,Room 494,Piet Retief,Florida,Germany,09876
C516,Aldis Borsi,Apt 1132,Gnieżdżewo,Illinois,Japan,13579,Suite 86,Xia Zanggor,North Dakota,India,13579
C517,Essy Molloy,19th Floor,Irirum,Nebraska,China,09876,Apt 200,San Antonio,North Carolina,France,13579
C518,Dodie Server,Suite 51,Cibeureum Satu,Wyoming,France,13579,Suite 34,Jambeyan,Iowa,Australia,67890
C519,Verena Hamber,20th Floor,Bapska,Wyoming,Canada,67890,Room 595,Seixal,Nevada,United Kingdom,67890
C520,Phyllys McTeggart,Suite 41,Dadong,Minnesota,Australia,13579,PO Box 69770,Karoya,Oregon,Japan,09876
C521,Toddy Immer,Suite 78,Ouro Preto,Maine,Mexico,13579,Room 1694,Zarechnyy,Vermont,United States,12345
C522,Bertram Pavey,Suite 25,Nakama,Iowa,Mexico,12345,Suite 65,Bluri,Montana,Australia,09876
C523,Sly Shuxsmith,Apt 201,Ondoy,Missouri,China,12345,PO Box 21833,Brandfort,Pennsylvania,United Kingdom,09876
C524,Erinna Klesse,Suite 85,Begowāla,Texas,Australia,12345,PO Box 39882,Saqqez,South Carolina,Brazil,09876
C525,Chrissie Licciardo,Suite 38,Villanueva,Minnesota,Canada,67890,14th Floor,Pingfeng,Mississippi,Mexico,54321
C526,Rebe Dondon,Apt 505,Shāzand,New Mexico,Canada,09876,Room 1575,Lyon,California,United Kingdom,54321
C527,Correy Bulbrook,Room 1922,Sillamäe,Ohio,Brazil,67890,Suite 17,5 de Mayo,South Dakota,France,54321
C528,Hilton Bilt,Room 926,Al Qaţīf,North Dakota,Canada,54321,8th Floor,Trollhättan,Nebraska,Mexico,13579
C529,Roselia Cummine,Room 1639,Galovac,New York,Japan,67890,Suite 25,Chamical,Tennessee,Mexico,54321
C530,Angelia Graser,Suite 52,Daleman,Massachusetts,Canada,67890,Apt 1370,Wanghu,South Carolina,Germany,09876
C531,Knox Schultz,Apt 1119,Xunjian,Kentucky,Germany,09876,Suite 44,Lampa,Utah,Mexico,54321
C532,Merrel Varga,10th Floor,Facatativá,Vermont,Mexico,54321,Apt 1310,Molo,Georgia,United States,12345
C533,Caddric Kinder,16th Floor,Tutnae,Rhode Island,China,12345,13th Floor,Atbasar,Massachusetts,Japan,13579
C534,Eda Kidsley,Apt 366,Senangkhanikhom,Iowa,Canada,09876,PO Box 85157,Santa Bárbara,Idaho,United Kingdom,12345
C535,Emelina Padley,PO Box 54548,Batatais,Maryland,Canada,09876,15th Floor,Zushi,Kentucky,Canada,54321
C536,Gustie Gudgion,PO Box 95788,Zhitan,Pennsylvania,Mexico,12345,Room 244,Santa Helena de Goiás,Pennsylvania,Australia,12345
C537,Morey Favell,20th Floor,Itaparica,Ohio,United States,67890,Apt 1989,Guadalupe,Texas,Canada,67890
C538,Raymund MacIlwrick,PO Box 99320,Batroûn,Idaho,China,09876,Room 1926,Zhizhong,New York,Australia,09876
C539,Kayla Glenton,Room 23,Danderyd,New Hampshire,United States,09876,19th Floor,Krutaya Gorka,New York,Japan,54321
C540,Loren Goodsal,PO Box 83167,Nancy,Pennsylvania,Germany,09876,Apt 77,Mene de Mauroa,Alabama,Mexico,09876
C541,Lorrayne Becke,18th Floor,Gontar,Iowa,France,12345,PO Box 186,Stockholm,Arizona,Mexico,12345
C542,Ennis Bruni,Room 1719,Filothéi,Texas,Japan,09876,PO Box 8072,Larap,South Dakota,United Kingdom,13579
C543,Karisa Adrianello,Suite 82,Callanca,South Carolina,United States,54321,17th Floor,Napanee Downtown,Alaska,France,67890
C544,Charis Ten Broek,Suite 79,Jiagao,Alabama,France,13579,Suite 97,Belén de Escobar,Tennessee,Germany,54321
C545,Violet Challicombe,Apt 514,Ciguna,Virginia,Canada,54321,PO Box 74181,Levin,California,India,67890
C546,Rudd Illing,PO Box 5694,Neyagawa,Pennsylvania,Mexico,13579,Suite 3,Krasnokholm,Alaska,Japan,67890
C547,Bernard Blain,1st Floor,Villa Carlos Paz,Maryland,United Kingdom,13579,Room 1972,Aurora,Kansas,Brazil,54321
C548,Kalli Walford,Room 588,Shuidong,Vermont,China,54321,Room 1992,Xudat,Kansas,United Kingdom,54321
C549,Penni MacMurray,Room 60,Ji’an,Alabama,Brazil,54321,Suite 20,Wadi,North Dakota,Australia,13579
C550,Dottie Tiffany,Apt 241,New York City,Idaho,Brazil,09876,19th Floor,Oslo,Georgia,Canada,13579
C551,Roldan Grayshon,Apt 1652,Asahi,Illinois,Brazil,67890,Room 652,Souto,Arizona,Japan,54321
C552,Maryanne Knee,PO Box 16522,Timaru,Minnesota,Mexico,54321,Apt 1924,Valle de Ángeles,Mississippi,United States,67890
C553,Cybill Honack,Room 1367,Batujaran,Missouri,Brazil,12345,18th Floor,Toshkivka,Missouri,Brazil,54321
C554,Tull Ivanonko,Room 723,Gore,New Hampshire,Japan,09876,Apt 1955,Kota Kinabalu,Massachusetts,Australia,12345
C555,Jandy Splevins,Apt 648,Callahuanca,Indiana,Canada,13579,Apt 74,Mankoeng,New Jersey,Australia,13579
C556,Jodie Van Brug,PO Box 57284,Si Mahosot,Indiana,Mexico,67890,Suite 72,Kakata,Hawaii,France,54321
C557,Annabela Docket,PO Box 24338,Isla Verde,Florida,Mexico,67890,Room 379,Turus,Indiana,Australia,12345
C558,Sergeant Pender,Room 1526,Hollola,New Hampshire,Australia,12345,PO Box 78382,Ciro Redondo,Missouri,Canada,09876
C559,Chloette Fireman,PO Box 38625,Iporá,Ohio,France,54321,PO Box 11825,Yershov,Wisconsin,Germany,09876
C560,Lindsey McBean,Room 1207,Smínthi,Michigan,France,67890,Apt 519,Verkhniy Mamon,Colorado,Mexico,12345
C561,Bendite MacElholm,PO Box 3299,Rousínov,Oklahoma,China,67890,Room 243,Sidokumpul,New Mexico,Canada,67890
C562,Corina Kits,Room 112,Pyhäranta,Iowa,France,54321,7th Floor,Houndé,Virginia,Canada,67890
C563,Stavros Viveash,PO Box 49276,Zhenjiang,Missouri,China,09876,Suite 44,São Leopoldo,Maryland,Australia,13579
C564,Frannie Elliston,1st Floor,Libouchec,Oklahoma,Mexico,67890,Apt 1694,Triesenberg,Maryland,Brazil,54321
C565,Brennan Niblett,Suite 39,Jagodnjak,Wyoming,Japan,13579,PO Box 12297,Nyköping,Kentucky,Japan,12345
C566,Arabella Jelfs,PO Box 73751,Karangnongko,Colorado,United Kingdom,09876,PO Box 15395,Guchang,New Jersey,Mexico,13579
C567,Murdock Meatyard,Room 1820,Willemstad,Wisconsin,Mexico,54321,Room 1772,Bojnik,Michigan,United Kingdom,54321
C568,Colline Duckerin,Suite 59,Temandangjero,Nevada,Australia,09876,PO Box 18241,Niterói,Alaska,Canada,13579
C569,Hana McTrustrie,Room 1706,Qianguo,Delaware,Japan,09876,2nd Floor,Grenoble,Wisconsin,United Kingdom,67890
C570,Christiana Harbord,PO Box 39968,Pindiga,North Carolina,Canada,67890,Room 1613,Lameiro,New Hampshire,Germany,12345
C571,Ekaterina Itzakovitz,Apt 1374,Longra,New Jersey,Japan,09876,20th Floor,Capão da Canoa,Texas,United States,54321
C572,Glen Szachniewicz,Apt 1394,Kuiyong,Alaska,China,09876,7th Floor,Osby,Arkansas,Japan,13579
C573,Cyndi Chevolleau,Apt 230,Jīwani,Iowa,France,67890,Apt 734,Margasari,Maryland,Japan,09876
C574,Cate Yewdall,Suite 26,Baisha,Montana,Japan,09876,Suite 71,Maleevsk,Arizona,Canada,54321
C575,Bettina Keppie,Apt 675,Bordeaux,Idaho,United States,12345,Room 1912,Revolucion,West Virginia,India,13579
C576,Barrie Barracks,Suite 79,Villa Mercedes,Arizona,United Kingdom,13579,Apt 650,Decatur,Michigan,Germany,12345
C577,Mohammed Fauguel,Room 1485,Yabluniv,Virginia,Australia,09876,PO Box 76618,Ängelholm,Florida,United Kingdom,67890
C578,Jorrie McRory,PO Box 70303,Cordon,New Mexico,Australia,67890,Apt 450,Shu,Vermont,Brazil,13579
C579,Antoinette Innott,Suite 75,Naxos,Nebraska,United States,09876,PO Box 51690,Guiuan,Minnesota,Germany,54321
C580,Ulrika Jelf,17th Floor,Pinheiro,Delaware,United Kingdom,13579,6th Floor,Nartkala,Oklahoma,India,54321
C581,Dorelle Figliovanni,Suite 35,Nong Hi,Virginia,Germany,67890,3rd Floor,Llusco,Arizona,India,12345
C582,Erasmus Isbell,Room 178,Dongyuan,Oklahoma,Brazil,12345,Suite 99,Hanau,Montana,Japan,09876
C583,Shannah Wainscot,Apt 1072,Jinhua,Maine,Japan,54321,Room 4,Newton,Arizona,Mexico,67890
C584,Waylen Soutter,Suite 93,Gaoguan,Missouri,France,13579,10th Floor,Newmarket,Delaware,Germany,54321
C585,Marris Geddes,PO Box 72221,Zagnitkiv,Virginia,Japan,09876,Apt 10,Prince Rupert,South Carolina,Brazil,09876
C586,Aundrea Kindell,Apt 1598,Västra Frölunda,Idaho,Japan,12345,Suite 60,Wolowona,Colorado,Mexico,12345
C587,Vanya Shear,Room 1923,Santa Elena de Uairén,Maine,United States,67890,Apt 1008,Gandra,Colorado,France,12345
C588,Sarge Hold,6th Floor,Boyu,Virginia,China,09876,Room 792,Yishan,Florida,India,09876
C589,Sanson Lukehurst,Room 1677,Jayaraga Kaler,Missouri,Germany,13579,Room 654,Temirtau,Tennessee,Germany,67890
C590,Lynea Khomishin,Suite 54,Rechka,Ohio,Brazil,09876,Room 1299,Schifflange,Florida,Japan,09876
C591,Hadley McLaverty,Apt 1649,Nové Sedlo,Vermont,Japan,12345,Room 1610,Damulog,Indiana,Germany,13579
C592,Suzanne Emanuel,Apt 1999,Béboto,Illinois,Mexico,12345,8th Floor,Kutao,Delaware,Canada,12345
C593,Marita Phillips,Suite 83,Staryy Urukh,Arkansas,Canada,13579,PO Box 81586,Lobão,Indiana,Brazil,67890
C594,Amii Kenningham,PO Box 1466,Pung-Pang,Maryland,Australia,13579,Room 1572,Sabanalarga,Louisiana,Australia,54321
C595,Trula Ropkes,Room 881,Gornyak,New Mexico,Germany,12345,Apt 1875,Trail,Mississippi,India,54321
C596,Reidar Tytcomb,Apt 1794,Don Mueang,Wyoming,Brazil,67890,Room 576,Radā‘,Georgia,Australia,67890
C597,Concordia Slocomb,Room 1464,Baishi,Missouri,France,13579,PO Box 19475,Pazin,South Carolina,Japan,54321
C598,Kacie Lidgard,Apt 1797,Zagora,Missouri,Canada,67890,PO Box 496,Kangaslampi,Wyoming,Mexico,67890
C599,Oralle Ledram,Apt 1541,Pleshanovo,Kentucky,Brazil,09876,Room 609,Wedangtemu,Maryland,Mexico,12345
C600,Esme Baptiste,Apt 1896,Al Mayādīn,North Carolina,United Kingdom,54321,3rd Floor,Gastoúni,Maine,United States,09876
C601,Wakefield Janousek,Apt 475,Đắk Glei,North Carolina,China,13579,Room 1882,Jinshanwei,New Jersey,Brazil,54321
C602,Lishe Sprigging,Room 1760,Silveiros,Connecticut,Japan,09876,Suite 94,La Virginia,North Dakota,United States,12345
C603,Reina Sturdey,PO Box 68813,Vandœuvre-lès-Nancy,Rhode Island,China,12345,Apt 1282,Shangmachang,Vermont,India,67890
C604,Meredeth Linwood,PO Box 47217,El Retén,South Dakota,Germany,09876,Suite 92,Monze,California,Mexico,67890
C605,Maxie Ruckman,Suite 40,Gondang,Mississippi,United States,54321,11th Floor,Yuquan,Kansas,Canada,67890
C606,Valentijn Harburtson,PO Box 80154,Independencia,Texas,France,12345,17th Floor,Betania,Oklahoma,Australia,54321
C607,Cacilia Gisbourn,17th Floor,Daishan,Tennessee,France,54321,PO Box 89663,Qiwen,Pennsylvania,France,67890
C608,Rene Kroin,PO Box 84365,Troyes,Connecticut,Australia,54321,Room 1248,Las Vegas,South Dakota,Canada,54321
C609,Jobye Tummons,7th Floor,Ermelo,Connecticut,Mexico,09876,PO Box 423,Gaoguan,Vermont,Australia,67890
C610,Kiley Kemm,Apt 1473,Boncong,Michigan,China,54321,Apt 675,Deder,Idaho,Germany,12345
C611,Nancey Vallance,Apt 662,San Pascual,Massachusetts,Brazil,13579,Apt 1121,Duluth,Delaware,India,13579
C612,Emmanuel Garter,18th Floor,Mendez-Nuñez,Wyoming,United Kingdom,67890,PO Box 33484,Paniqui,Oregon,Mexico,12345
C613,Romy Jamme,Apt 842,Perreng,Colorado,Australia,13579,Suite 96,Birendranagar,West Virginia,Japan,54321
C614,Horatia Limbourne,3rd Floor,K Bang,Connecticut,Australia,12345,7th Floor,Tukums,Maine,Australia,67890
C615,Reeva Corry,Room 440,Xingpinglu,Georgia,Japan,12345,Room 563,Buenavista,Georgia,Mexico,12345
C616,Fern Robben,Apt 1504,Eybens,Vermont,Mexico,54321,Suite 29,Bin Yauri,Alabama,United States,09876
C617,Roland De Coursey,10th Floor,Täby,Kentucky,United Kingdom,09876,PO Box 20287,Gansa,West Virginia,Mexico,67890
C618,Joyce Garfield,Suite 40,Kokop,New Mexico,Brazil,13579,Suite 77,Contraalmirante Cordero,Michigan,United States,67890
C619,Barnie Van der Kruys,15th Floor,Walnut Grove,Pennsylvania,France,13579,Apt 794,Ipuh,Iowa,Mexico,13579
C620,Rosana Jackling,Room 1694,Khvatovka,Arizona,China,12345,2nd Floor,Bila,Illinois,United Kingdom,13579
C621,Corabelle Rodenburg,PO Box 67663,Faīẕābād,Arkansas,China,13579,Suite 34,Xuanbao,Missouri,Australia,54321
C622,Sibeal Keelin,Apt 376,Sosnovaya Polyana,Nebraska,Australia,12345,Apt 87,Pogag,North Carolina,United States,67890
C623,Imogene Sive,PO Box 84051,Genang,New Hampshire,United States,12345,Suite 77,Kebunan,New Hampshire,United States,54321
C624,Sile Roels,Suite 46,Ljubešćica,Utah,Australia,67890,Apt 1668,Rossosh’,Michigan,Australia,13579
C625,Denice Stonebanks,Apt 1734,Muliang,Tennessee,United Kingdom,09876,PO Box 39626,Rivadavia,Connecticut,France,13579
C626,Jenna Perrelle,Suite 16,Putukrejo,Alabama,France,09876,PO Box 35189,Gradizhsk,North Dakota,United States,13579
C627,Darline Herrieven,Suite 14,Jinfeng,New York,Canada,12345,Apt 857,Xiheshan,Kentucky,India,09876
C628,Hobie Raddish,Suite 93,Luoqiao,Alaska,China,54321,PO Box 66023,Amarillo,Rhode Island,India,13579
C629,Elna Gobourn,14th Floor,Kiuteta,Rhode Island,Japan,13579,PO Box 53088,Bilhó,Maine,Germany,09876
C630,Ferdinand Swaffer,PO Box 38416,Hanyū,Florida,Germany,54321,PO Box 41227,Lucija,Wisconsin,United States,54321
C631,Konrad Kamall,PO Box 13436,Bria,Virginia,Australia,13579,Suite 73,Kilkenny,New Jersey,United Kingdom,09876
C632,Burnard Kubicek,Apt 274,Gazanjyk,Arizona,Australia,67890,Apt 1965,Stronie,Tennessee,India,09876
C633,Ulysses Brims,PO Box 97467,Lefengzhen,Idaho,Mexico,12345,Apt 1652,Balagon,Rhode Island,France,13579
C634,Jo ann Foyster,9th Floor,Sattahip,Maryland,China,09876,9th Floor,Tadabliro,California,Mexico,67890
C635,Leisha Mays,17th Floor,Petrovskaya,Iowa,Mexico,13579,3rd Floor,Ishigaki,Maryland,Canada,67890
C636,Wilden Merfin,11th Floor,Embi,Tennessee,China,54321,Apt 1452,Horní Jelení,South Dakota,United Kingdom,09876
C637,Adolph Headley,Apt 621,Luxi,Kansas,Canada,09876,Suite 35,Amarillo,North Dakota,Brazil,13579
C638,Ted Battrum,Apt 616,Ebene,Hawaii,China,67890,Apt 1951,Agía Triáda,New Hampshire,United States,09876
C639,Payton Eallis,Suite 20,Hennenman,Connecticut,Australia,09876,Room 382,Caeté,Kentucky,Japan,09876
C640,Kelsy Filipczynski,4th Floor,Zhangdian,Alabama,France,67890,Suite 12,Nartkala,Michigan,France,13579
C641,Peirce Shedden,PO Box 97763,Căuşeni,California,China,67890,PO Box 90540,Rokiškis,Massachusetts,Japan,09876
C642,Morrie Rohloff,Apt 898,Miaotang,Ohio,United States,12345,Suite 89,Qingyang,New York,Brazil,12345
C643,Annadiane Matissoff,15th Floor,Zhugentan,Maryland,China,12345,Suite 48,Seremban,Florida,Brazil,12345
C644,Nedi Haugen,Room 250,Jīt,Michigan,United Kingdom,12345,Room 853,Wolongquan,North Dakota,Australia,09876
C645,Jacquenetta Gantley,PO Box 50641,Togur,Pennsylvania,Mexico,67890,Apt 1144,Borås,Maryland,France,54321
C646,Arman O'Heaney,Apt 398,Taiba,South Carolina,Brazil,67890,Room 29,Juan N Alvarez,Mississippi,Mexico,09876
C647,Davida Menpes,Room 1359,Chumpi,Virginia,Australia,13579,Room 229,Zhongshanmen,California,India,13579
C648,Garrik Willeson,Apt 352,Pangansalan,Kansas,Brazil,12345,Room 490,Brikama,Texas,Brazil,09876
C649,Reinhold Gillott,PO Box 75468,Panino,Maryland,Germany,12345,Suite 85,Wanfa,Missouri,Mexico,54321
C650,Amalee Pillifant,Apt 1860,Sanquan,Connecticut,Mexico,67890,Apt 579,Baru Timur,Oklahoma,Germany,13579
C651,Janette Harkins,Apt 1555,Viçosa,Montana,Mexico,54321,Suite 46,Lelystad,North Carolina,Canada,67890
C652,Lynnett Geeritz,Room 332,Loandjili,North Carolina,Australia,67890,Apt 1386,Bački Breg,New York,Brazil,12345
C653,Menard Guiducci,Suite 4,Nehe,Utah,Germany,67890,12th Floor,Paris 14,Oregon,United States,67890
C654,Devlen Beatty,19th Floor,Hai Riêng,Indiana,Japan,09876,4th Floor,Maloco,Vermont,United States,54321
C655,Aylmar Barden,PO Box 39641,Chicago,Hawaii,Canada,12345,18th Floor,Pil’na,Idaho,Brazil,67890
C656,Elayne Basler,Room 1445,Nhà Bàng,Oklahoma,Germany,13579,PO Box 84069,La Libertad,North Carolina,Japan,09876
C657,Georgianna Greenly,Room 500,Trondheim,Illinois,China,54321,Room 1143,Kamenický Šenov,Hawaii,Mexico,67890
C658,Adriaens Langston,PO Box 88675,Rymanów,New Mexico,Japan,67890,PO Box 79725,Inyati,Virginia,India,67890
C659,Wolfie Udell,20th Floor,Manakara,Tennessee,France,13579,Suite 11,Lyubokhna,Ohio,India,54321
C660,Lance McCracken,6th Floor,Bidikotak,Rhode Island,France,12345,17th Floor,Pierreville,North Carolina,United Kingdom,12345
C661,Che Weed,16th Floor,Akim Oda,Wisconsin,United Kingdom,54321,Suite 44,Ciomas,Montana,Brazil,67890
C662,Wood Janous,Apt 555,Tehetu,New Jersey,China,13579,Suite 9,Campinas,Texas,United Kingdom,54321
C663,Darrick Millhill,1st Floor,Duwaktenggi,Indiana,United Kingdom,12345,Apt 130,Cuntan,Florida,Brazil,09876
C664,Lorilee Curner,4th Floor,Chinch'ŏn,Missouri,Brazil,12345,PO Box 99320,Yanglong,Iowa,United Kingdom,54321
C665,Hakeem Fortnam,Apt 828,Aileu,South Carolina,Mexico,13579,Apt 1052,Knyaginino,Kansas,India,13579
C666,Gaylene Dulson,Apt 1944,Uwa,Hawaii,France,13579,PO Box 7963,Henglu,California,Canada,67890
C667,Thomasa Bachellier,Apt 1142,Chicoana,Nebraska,United States,09876,Apt 951,Jāndiāla Sher Khān,Hawaii,France,54321
C668,Gal Dehm,Apt 209,Al Ghandūrah,Arkansas,France,13579,Apt 1282,Santa Cruz,West Virginia,France,54321
C669,Annora Menichino,Room 955,Hushi,Delaware,Australia,54321,Room 457,Sandyford,Iowa,India,67890
C670,Dexter Roderighi,PO Box 50355,Petukhovo,New Mexico,France,67890,Suite 71,Bratislava,Vermont,Australia,13579
C671,Breena Gossage,Apt 1790,Krajan Kerjo,Florida,United Kingdom,67890,PO Box 60581,Vaitogi,Alabama,Brazil,13579
C672,Tallia Haberfield,Apt 1397,Limoeiro do Norte,Hawaii,Japan,12345,Apt 821,Tanlad,Maryland,Mexico,13579
C673,Breanne Bertenshaw,Apt 2000,Xiasi,Missouri,Brazil,13579,Suite 10,Vyksa,Illinois,Australia,54321
C674,Gray Scholling,1st Floor,Dve Mogili,North Carolina,China,09876,PO Box 81211,Shijia,Indiana,France,09876
C675,Alanson Presman,Suite 51,Meishan,Montana,China,13579,Suite 28,Washington,Tennessee,Brazil,13579
C676,Bank Schultheiss,Room 1401,Hrotovice,Maine,Australia,12345,PO Box 65891,Örebro,Illinois,Japan,12345
C677,Hermann Simeone,PO Box 23129,Daeosin Satu,Idaho,France,54321,11th Floor,Baćkowice,New Jersey,France,09876
C678,Janeta Cafferty,Apt 1069,Moglicë,Rhode Island,Mexico,12345,PO Box 6819,Linhó,Rhode Island,Australia,54321
C679,Ricki Tuny,Room 900,Aranđelovac,Alabama,United States,54321,Room 1853,Van Nuys,Georgia,United States,12345
C680,Spence Strood,PO Box 91309,Dongyang,Montana,Germany,67890,Apt 1846,Kasempa,Wisconsin,Canada,67890
C681,Jabez Jallin,PO Box 65069,Panamá,Iowa,Australia,54321,Suite 46,Wenfang,Nebraska,United Kingdom,67890
C682,Dunc McCuthais,Room 799,Berlin,Wyoming,China,67890,Suite 77,Xiatuanpu,Alabama,Japan,13579
C683,Nathaniel Keyte,Suite 7,União dos Palmares,Wisconsin,United States,12345,16th Floor,Lučko,Colorado,Canada,54321
C684,Ruthe Coniam,Apt 142,Abéché,Oklahoma,Japan,67890,14th Floor,Gedongmulyo,Missouri,France,09876
C685,Alvera Stockow,PO Box 38653,Lojejerkrajan,Louisiana,United States,54321,Suite 66,Kanginan,Pennsylvania,Australia,13579
C686,Valera Semarke,Room 1400,Shanghuang,South Dakota,United States,54321,PO Box 2311,Kuaidamao,North Dakota,United Kingdom,12345
C687,Maxim Ilyinykh,Room 1881,Álvares Machado,Louisiana,China,09876,Suite 54,Bavorov,New Hampshire,France,13579
C688,Janeta Whitehorne,9th Floor,Estarreja,Nevada,Japan,54321,PO Box 61558,Liuhe,New Hampshire,Australia,13579
C689,Clayborne McCarney,PO Box 99295,Denver,Pennsylvania,United States,12345,PO Box 28978,Stan-Bekhtemir,North Dakota,Japan,67890
C690,Henry Devo,Suite 4,Santo Estêvão,Wyoming,France,67890,PO Box 2607,Tagdanua,New Mexico,Brazil,12345
C691,Ethelyn Verling,14th Floor,Cookshire-Eaton,Delaware,Brazil,09876,PO Box 99953,Baki,Louisiana,India,09876
C692,Krishnah Astill,18th Floor,Apengjiang,Kansas,Germany,54321,Room 199,Asaka,California,France,54321
C693,Tristan Shillinglaw,Room 430,El Fahs,Missouri,Brazil,67890,Apt 1844,Donskoye,Arkansas,Canada,12345
C694,Thane Poles,Room 1729,Komoro,South Carolina,Japan,09876,Suite 80,Polomolok,Hawaii,Brazil,12345
C695,Shepherd Mamwell,PO Box 70472,Calceta,Pennsylvania,Japan,13579,1st Floor,Lecong,Colorado,United Kingdom,12345
C696,Fax Dahle,10th Floor,Suci Kaler,South Carolina,Germany,13579,Suite 81,Walferdange,Pennsylvania,Japan,13579
C697,Milton Stucksbury,Suite 51,Punākha,Tennessee,United Kingdom,09876,PO Box 79227,Wenchang,Missouri,Australia,12345
C698,Olga Innwood,Room 1987,Arapuey,New York,United Kingdom,09876,PO Box 26408,Cantoria,Alaska,United Kingdom,09876
C699,Jay Swatton,PO Box 40086,Tembol,Kentucky,France,67890,PO Box 98695,Beausejour,North Carolina,France,13579
C700,Kenon Mawhinney,Suite 12,Shuishi,Indiana,United Kingdom,09876,Room 976,San Isidro,Montana,Mexico,12345
C701,Emilie Lope,Apt 225,Cikuya,South Carolina,United States,12345,Suite 44,Paris 13,Hawaii,United States,09876
C702,Mac Hanscomb,Suite 27,Banjar Jambe Baleran,Utah,Japan,67890,13th Floor,Zhyrovichy,Hawaii,Germany,09876
C703,Kingston Huckfield,Suite 18,Bang Krathum,Vermont,Germany,13579,Room 405,Jinshan,Hawaii,Canada,13579
C704,Alvira Knox,Suite 55,Francisco I Madero,Indiana,Japan,67890,Room 1409,Chiquinquirá,Tennessee,India,09876
C705,Charlotta Cecchi,Apt 274,Hila,Indiana,China,67890,Apt 578,Spiczyn,Tennessee,United Kingdom,12345
C706,Brigitta Taborre,PO Box 10625,Protvino,Florida,China,09876,Apt 1476,Libode,Massachusetts,Australia,09876
C707,Fairleigh Priddis,Suite 69,Xushangqiao,Wisconsin,Brazil,09876,Apt 1343,Maliana,West Virginia,Brazil,67890
C708,Rosamond Velareal,Room 1216,Osiedle-Nowiny,Illinois,Japan,13579,Apt 677,Darenzhuang,Pennsylvania,Australia,13579
C709,Ruperta Gerold,Apt 1979,Dobroměřice,Washington,China,54321,Suite 67,Kil,New Hampshire,Canada,13579
C710,Natalie Ripley,Suite 9,Yongle,Texas,Brazil,67890,Suite 15,Talovyy,Utah,Germany,13579
C711,Ingram Chamberlaine,PO Box 16418,Selce,Louisiana,United Kingdom,67890,PO Box 69078,Mladá Boleslav,Minnesota,Brazil,09876
C712,Taffy Unwins,PO Box 16838,Honglai,Louisiana,Mexico,54321,4th Floor,Zagreb - Centar,Massachusetts,India,67890
C713,Dalston Chittie,Suite 78,Siteki,Maryland,United States,54321,Apt 1440,Tullyallen,Missouri,Mexico,67890
C714,Tani Jankovsky,PO Box 87931,Banjar Paangkelod,South Carolina,France,09876,PO Box 1643,Phước An,Arizona,United States,13579
C715,Emelda Auletta,Apt 1467,Ivanovo,Virginia,France,13579,16th Floor,Florida,Virginia,United States,13579
C716,Ailey Seeking,Room 617,Deneysville,Florida,Australia,67890,Suite 68,T’et’ri Tsqaro,Pennsylvania,Canada,13579
C717,Demetri Furmedge,Suite 49,Issenye,Colorado,Australia,67890,Suite 18,Jiahe,Maine,Japan,54321
C718,Cristine Dullingham,PO Box 50528,Oliveira,Vermont,Brazil,12345,PO Box 82785,Valada,Ohio,France,12345
C719,Rancell Winsborrow,Apt 417,Kembang,South Carolina,Brazil,09876,Room 601,Xinshan,Colorado,Brazil,09876
C720,Ruggiero Bayston,PO Box 22749,Fale old settlement,Texas,China,54321,Apt 1039,Tucson,New Mexico,India,54321
C721,Martynne Farish,Apt 1297,Rengasdengklok,Vermont,Australia,54321,15th Floor,Vyksa,Illinois,Japan,09876
C722,Xena Totaro,Suite 62,Xinyi,North Dakota,Japan,13579,Room 614,Nailong,Minnesota,Australia,09876
C723,Tome Alston,5th Floor,Ấp Tân Ngãi,Minnesota,Germany,12345,6th Floor,Boac,Georgia,France,54321
C724,Matilde Cundey,Suite 67,Kanbula,Kentucky,Canada,67890,Suite 68,Salaš Crnobarski,Idaho,Germany,09876
C725,Jolene Magovern,Room 777,Bigaa,Rhode Island,Mexico,09876,Room 990,Cutral-Có,Oklahoma,Canada,13579
C726,Gregoire Bavridge,11th Floor,Karanggintung,Delaware,Germany,13579,16th Floor,Petrolia,Oklahoma,Mexico,54321
C727,Shaun Jonah,18th Floor,Ngulakan,Arizona,Australia,67890,Room 1996,Pyapon,Washington,Brazil,54321
C728,Hort Semon,2nd Floor,Thị Trấn Tân Yên,Idaho,Canada,54321,PO Box 71016,Pikalëvo,Alabama,United Kingdom,67890
C729,Axel Bothbie,Room 1254,Duvergé,Iowa,China,67890,Apt 853,Jinjiahe,Alaska,France,09876
C730,Vera Skerratt,19th Floor,Saint-Herblain,New Mexico,United Kingdom,09876,PO Box 44131,Leskovec pri Krškem,Delaware,India,54321
C731,Theresa Hilling,Apt 1659,Hargeysa,Colorado,Canada,54321,Suite 94,Kalampáka,Wisconsin,Mexico,13579
C732,Lazare Gedling,PO Box 47254,Lyudinovo,Massachusetts,Germany,13579,PO Box 11336,Sułów,Alaska,France,13579
C733,Sayer Payfoot,Room 1881,Eha Amufu,Ohio,United States,67890,Suite 48,Dongkan,Louisiana,Brazil,67890
C734,Holmes Churly,Apt 719,Kurihashi,Tennessee,China,13579,4th Floor,Albi,Kansas,Australia,13579
C735,Kynthia Tulley,Suite 92,Taltal,Indiana,China,12345,Room 1928,Nguluhan,Florida,Mexico,09876
C736,Ripley Roj,PO Box 51087,Idenao,Pennsylvania,Mexico,09876,Room 903,Sandaohezi,Maine,United States,09876
C737,Adrien McSkeagan,Room 383,Al ‘Anān,Georgia,Mexico,67890,Suite 65,Pangkungparuk,Kentucky,Brazil,09876
C738,Guthrie Pardi,PO Box 43128,Hekinan,California,Japan,54321,16th Floor,København,South Carolina,Brazil,67890
C739,Welbie Gue,Suite 56,Rojas,Virginia,France,67890,Apt 19,Kyaukse,Idaho,Japan,12345
C740,Penny Degoey,PO Box 1736,Plato,South Carolina,Brazil,67890,Suite 13,Videira,Kentucky,United Kingdom,12345
C741,Hedi Sallenger,Apt 1751,Dayuan,Arizona,Canada,12345,Apt 1735,Sena,Oklahoma,Mexico,12345
C742,Franklin Wyre,1st Floor,Skärhamn,Kentucky,Australia,12345,Suite 31,Bolengpulau,Washington,Australia,67890
C743,Jessamyn Whyborn,PO Box 83777,Nagbalaye,Illinois,Japan,12345,Room 161,Savannah,Washington,Mexico,13579
C744,Cam Garie,19th Floor,Arai,Vermont,Mexico,54321,PO Box 67793,Zaniemyśl,New York,Canada,67890
C745,Jan Ricciardelli,Apt 426,Les Sables-d'Olonne,Louisiana,Brazil,12345,PO Box 12673,Kota Kinabalu,New York,India,54321
C746,Candra Gemmell,3rd Floor,Bom Sucesso,Maine,Mexico,67890,Apt 1060,Lipin Bor,Delaware,United States,54321
C747,Lurlene Lewsie,Room 1363,Tielong,Iowa,United Kingdom,12345,20th Floor,Stockholm,Nevada,Canada,67890
C748,Alford Kemish,Suite 83,Inabaan Sur,Georgia,Germany,54321,Apt 290,Bryansk,New York,Germany,67890
C749,Luca Charter,Apt 785,Tunal,Montana,Japan,67890,Apt 782,Xiayunling,South Carolina,Germany,09876
C750,Karee Philpin,5th Floor,Liancheng,North Dakota,Mexico,12345,Apt 144,Mingyu,Mississippi,Mexico,09876
C751,Alexandre Pledger,Room 144,Huddinge,Ohio,Brazil,13579,Suite 82,Enrekang,Louisiana,Japan,67890
C752,Avis Mordanti,9th Floor,Usagara,Maryland,United Kingdom,12345,Suite 44,Yeysk,Texas,Brazil,13579
C753,Johny Vannikov,Apt 1191,Gaoqiaolou,Colorado,Australia,12345,Suite 71,Drezdenko,Louisiana,Brazil,67890
C754,Padraic Santori,Suite 45,Embarcación,North Carolina,Mexico,54321,PO Box 41962,Novi Travnik,Tennessee,United States,12345
C755,Bethanne Arber,PO Box 45705,Talca,Alaska,United States,09876,Apt 1057,Kulaman,Utah,Japan,13579
C756,Nathan Treece,Apt 1628,Jiangcheng,Tennessee,China,13579,Apt 1939,Dragomer,North Dakota,India,13579
C757,Angel Rottger,Suite 86,Tawaran,Vermont,Brazil,09876,2nd Floor,Ulaanbaatar,Wisconsin,India,13579
C758,Aksel Sawell,Apt 1615,Irshava,Ohio,France,54321,Suite 67,Allada,Maine,Mexico,09876
C759,Padraig Grigoriscu,Room 1702,Fuxin,Massachusetts,United Kingdom,09876,Room 1245,Santa Fe,Connecticut,Australia,13579
C760,Brod Colegrove,Apt 1124,Ban Talat Bueng,New Hampshire,China,09876,15th Floor,Neyvo-Rudyanka,Virginia,Germany,12345
C761,Lib Rijkeseis,Apt 1348,Cikembang,Nebraska,Japan,54321,Room 737,Kebonkalapa,Connecticut,Australia,54321
C762,Farah Viollet,PO Box 72014,Xieba,Montana,Germany,67890,6th Floor,Golbey,Pennsylvania,Germany,54321
C763,Dimitry Mahedy,PO Box 49004,San Agustin,Georgia,China,13579,PO Box 21738,Lebak,New York,Mexico,67890
C764,Mortimer Chaudron,9th Floor,Muḩambal,Nebraska,Brazil,67890,8th Floor,Vera Cruz,Wyoming,United States,09876
C765,Verne MacAndreis,Apt 1788,Chinchero,Connecticut,Brazil,09876,20th Floor,Kochani,Maryland,France,54321
C766,Trstram Waddam,Room 295,Bailu,Connecticut,Mexico,67890,Apt 1761,Yunping,Maine,Canada,13579
C767,Lindy Shorte,Suite 45,Busalangga,Maine,Brazil,67890,11th Floor,Pöytyä,South Dakota,Canada,54321
C768,Ephrayim Zienkiewicz,Suite 65,Anchorage,Virginia,Australia,67890,Suite 58,Condado,Utah,United States,12345
C769,Toby Vedekhov,Apt 1483,Kalibo (poblacion),New York,Canada,67890,PO Box 69577,Fort Portal,New Jersey,Brazil,09876
C770,Upton Heigho,Suite 63,Guadalupe,Wisconsin,Brazil,13579,Apt 467,Lukou,Utah,Germany,13579
C771,Salome Miettinen,Apt 490,Charlton,Louisiana,Japan,54321,Suite 15,Tsirang,Virginia,Japan,09876
C772,Vinnie Dickens,Apt 457,Magog,Alaska,France,67890,Apt 944,Corujeira,Oklahoma,Brazil,12345
C773,Lutero Jacquemot,PO Box 68555,Shah Alam,Wyoming,United States,54321,Suite 57,Keratéa,Washington,Brazil,13579
C774,Trevar Sutlieff,Room 969,Casa Nova,North Carolina,Australia,09876,PO Box 22597,Krajan Karangsari,Georgia,United States,54321
C775,Rosie Merington,Apt 1723,Kelapa,Alabama,Mexico,54321,PO Box 19786,Jiusi,Alabama,Australia,12345
C776,Rock Tincknell,Room 1417,Zhangjia,Wyoming,Germany,67890,12th Floor,Rila,Colorado,United Kingdom,09876
C777,Eli Kloser,2nd Floor,Ghurayd Gharamē,New Mexico,France,13579,19th Floor,Kayan,Arkansas,Japan,67890
C778,Bebe Ghiotto,14th Floor,Vrbovec,New Jersey,Japan,12345,Suite 22,Torre,Alabama,Mexico,54321
C779,Laurena Kittley,PO Box 89882,Pregrada,West Virginia,China,09876,Room 766,Shuangfeng,Nevada,Mexico,12345
C780,Fern Corrie,Room 885,Nazyvayevsk,Illinois,Australia,54321,Room 1423,Vendas de Galizes,Wisconsin,Mexico,67890
C781,Maris Lindblad,Room 1576,Washington,Arkansas,Canada,09876,Apt 464,Klerksdorp,Alaska,Australia,09876
C782,Barnett Lown,Apt 551,Khoroshëvo-Mnevniki,North Carolina,Japan,12345,19th Floor,Valle de Ángeles,Connecticut,United Kingdom,67890
C783,Noak Chisnell,Suite 54,Massy,Oregon,Canada,09876,Suite 52,Jatirogo,Louisiana,Canada,54321
C784,Jennette Uebel,Apt 635,Kāshān,North Dakota,China,12345,5th Floor,Le Mans,Missouri,United Kingdom,54321
C785,Hart Portlock,Suite 93,Niebocko,Maine,Canada,13579,Room 394,Parnamirim,North Carolina,Brazil,13579
C786,Karol Morefield,PO Box 68075,Candijay,Maine,Japan,13579,PO Box 37479,Nagahama,New York,United Kingdom,54321
C787,Justus Tumelty,Room 768,Pilar,Nebraska,Australia,09876,15th Floor,Sharīfābād,Florida,Australia,13579
C788,Hartwell Sember,Suite 29,Quvasoy,Pennsylvania,United States,67890,Room 1373,Baraya,Rhode Island,Australia,12345
C789,Enrika Dewsnap,4th Floor,Krokeaí,Arizona,China,09876,Room 1998,Rolândia,California,United States,54321
C790,Even O'Cassidy,Suite 31,Tanbuqiao,Minnesota,Mexico,09876,4th Floor,Dahu,North Dakota,India,12345
C791,Gerri Rozycki,Suite 4,Sa‘sa‘,Iowa,Mexico,67890,10th Floor,Chigorodó,Ohio,France,67890
C792,Sayer Coker,PO Box 5763,Borås,Arkansas,United States,54321,Apt 472,Liufang,Kansas,United Kingdom,09876
C793,Ilario Udie,PO Box 49274,Ostrov,Utah,China,67890,Suite 15,Moglicë,North Dakota,Mexico,13579
C794,Hally Scard,PO Box 22829,Shuigou,Ohio,Germany,54321,Room 1377,Massawa,Alaska,United States,54321
C795,Nobe Castellone,Suite 92,Hartola,Montana,Germany,09876,19th Floor,Sumberagung,Illinois,Canada,09876
C796,Marcela Hawlgarth,Room 1797,Kokologo,Arkansas,Mexico,09876,Room 108,Varginha,Wyoming,United Kingdom,12345
C797,Rafaellle Bernardi,3rd Floor,Duantan,Colorado,Brazil,13579,Apt 720,Zhangguanying,Michigan,Brazil,13579
C798,Tomas Gainforth,PO Box 87116,San Francisco,Pennsylvania,Canada,09876,Apt 64,Wulan,New Jersey,Brazil,67890
C799,Beryl Alfuso,Room 66,Pangkalan,Delaware,Brazil,09876,Room 215,Oslo,Mississippi,Mexico,12345
C800,Rivy Iianon,Apt 705,Tajerouine,New Jersey,Australia,67890,PO Box 17879,Poddębice,Maine,United States,09876
C801,Earlie Belone,PO Box 58387,Miguelópolis,Maryland,Germany,54321,2nd Floor,Dikson,Delaware,United Kingdom,12345
C802,Blinni Culmer,Apt 704,Pires do Rio,Pennsylvania,Canada,67890,10th Floor,Kōfu-shi,Wisconsin,India,09876
C803,Minda Rothon,Room 1103,Huilong,North Carolina,Germany,67890,PO Box 40047,Dallas,West Virginia,Germany,12345
C804,Wesley Sirey,PO Box 74426,Buutuo,Illinois,France,13579,Room 921,Pasar,Missouri,Canada,12345
C805,Kearney Greason,3rd Floor,Alcáçovas,Utah,Brazil,09876,Apt 894,Talisay,Arizona,United Kingdom,12345
C806,Flemming Karlik,Suite 87,Września,Georgia,Canada,13579,Room 86,Itupiranga,Maine,Brazil,13579
C807,Conrad Balaison,Apt 1137,Iracemápolis,Mississippi,France,09876,PO Box 91149,Pandangan Kulon,Alaska,France,54321
C808,Nicolea Jako,2nd Floor,Sainte-Luce-sur-Loire,Delaware,Japan,67890,19th Floor,Miasskoye,Rhode Island,Australia,67890
C809,Dawna Kaasmann,Apt 180,Tarlac City,Wyoming,United States,09876,5th Floor,Tuburan,Connecticut,United Kingdom,12345
C810,Charita Burfitt,10th Floor,Aiquile,Alabama,Japan,09876,Apt 1054,Ochakovo-Matveyevskoye,Hawaii,India,67890
C811,Norrie Wilsee,PO Box 21902,Baliuag,California,Canada,67890,Suite 78,Pinara,Delaware,Mexico,09876
C812,Renell Villar,Suite 86,Angers,Rhode Island,Japan,09876,Apt 523,Krajan Karangwage,Indiana,United States,13579
C813,Carmelle Abbet,Room 1436,Caracal,Indiana,United Kingdom,54321,PO Box 11721,Ani-e,Utah,Germany,67890
C814,Montgomery Georgot,Suite 5,Braga,Georgia,United States,13579,PO Box 78136,Kirovsk,Montana,United States,09876
C815,Waylan Hussey,Apt 1529,Pyin Oo Lwin,South Carolina,Canada,12345,Apt 1560,Haljala,Iowa,Canada,54321
C816,Brande Tuffs,Room 1513,Youxi,Tennessee,Canada,54321,Apt 804,Rabat,North Dakota,Brazil,54321
C817,Rudyard Paolo,Room 1244,Nanling,Wyoming,United Kingdom,54321,Suite 26,Yasothon,North Dakota,Japan,54321
C818,Orel Crackett,PO Box 20303,Garmo,New York,United Kingdom,54321,4th Floor,Khotiv,Washington,United Kingdom,67890
C819,Igor O'Loughane,Apt 1156,Dobrich,Wyoming,China,12345,Suite 43,Sayang Lauq,Nebraska,Germany,12345
C820,Wynny McPeake,Apt 496,Iwanai,Iowa,United States,67890,6th Floor,Twardawa,Washington,India,09876
C821,Issi Huchot,Apt 1241,Göteborg,Massachusetts,China,54321,Room 972,Shetan,Pennsylvania,United States,13579
C822,Charlotte Beamond,4th Floor,Panxi,Alabama,Mexico,12345,PO Box 31740,Xinjia,Alaska,Canada,54321
C823,Jobi Von Gladbach,10th Floor,Kavajë,Maryland,Japan,54321,Room 368,Nelahozeves,Tennessee,Australia,12345
C824,Bertie Calfe,PO Box 62322,Lào Cai,Tennessee,Germany,09876,Room 687,Šilheřovice,New Jersey,Canada,13579
C825,Kari Ellsbury,7th Floor,Kaolack,Texas,France,54321,PO Box 86728,Partido,Maryland,Germany,12345
C826,Gypsy Clues,Apt 1430,Johanneshov,Mississippi,Canada,54321,Apt 542,Baise City,Oklahoma,United Kingdom,54321
C827,Norma Dempster,PO Box 71641,Nogueira do Cravo,Indiana,Japan,09876,PO Box 37064,Kayangel,New York,Japan,09876
C828,Christiano Croll,PO Box 90189,Lišov,South Carolina,Brazil,13579,Suite 52,Gaotai,New Hampshire,India,13579
C829,Dorine McDirmid,Apt 112,Uchaly,Oklahoma,United States,13579,Room 1449,Rikitgaib,Colorado,United States,13579
C830,Eldridge Blonden,Suite 76,Strängnäs,New Hampshire,Mexico,09876,Apt 1232,Sentul,Wyoming,United Kingdom,09876
C831,Carson Gwillim,Apt 1900,Pinghu,Maryland,United States,09876,Room 872,Néos Oropós,Washington,Germany,09876
C832,Ryan Toone,14th Floor,Gyumri,Indiana,Brazil,09876,Room 1915,Kashima,Connecticut,India,67890
C833,Carmelina Cowdery,20th Floor,Perfilovo,Montana,Germany,67890,17th Floor,Warmbaths,North Carolina,Germany,67890
C834,Nester Diego,Suite 47,Budenovetc,Kansas,Japan,09876,Apt 1109,Kushikino,Texas,India,67890
C835,Gil Boshers,PO Box 55356,Akwanga,Wyoming,Mexico,67890,3rd Floor,Longquan,Ohio,India,67890
C836,Jabez Stave,Suite 24,Kralice na Hané,Wyoming,Canada,67890,11th Floor,El Carmen,South Carolina,United States,67890
C837,Wheeler Bultitude,Apt 390,Biga,Massachusetts,United States,67890,Apt 246,Rejanegara,Kansas,Canada,13579
C838,Kameko Grennan,Suite 21,Samobor,Alaska,Australia,54321,17th Floor,Ivry-sur-Seine,Iowa,Japan,12345
C839,Gerardo Absolon,Room 1431,Škofljica,West Virginia,Canada,12345,PO Box 5915,Paris 12,Virginia,United States,12345
C840,Yardley Morse,Room 1577,Al Marsá,Texas,Australia,09876,Apt 1411,Vlorë,New Mexico,Germany,13579
C841,Alla Spawell,Suite 20,Rosice,New York,Canada,12345,PO Box 56877,Brive-la-Gaillarde,Utah,United States,13579
C842,Sylvester Poskitt,Room 589,Kut Rang,Oregon,Canada,13579,Apt 236,Xinjie,Utah,United Kingdom,54321
C843,Carlyn Aizkovitch,Room 1185,Bao’an,Maine,Japan,12345,Apt 89,Cordeiro,North Carolina,Brazil,54321
C844,Sophi Hinckes,PO Box 14666,Sukamulya,Texas,United Kingdom,09876,PO Box 85270,Mao’ershan,Arkansas,Canada,54321
C845,Mirabel Saph,PO Box 87264,Jastrzębia Góra,California,Brazil,09876,Room 1475,Longjiang,Vermont,United Kingdom,13579
C846,Glenn Jessopp,PO Box 80031,Altkirch,Oregon,Mexico,67890,Apt 1785,Proboštov,Minnesota,Australia,54321
C847,Ivory Houseman,Apt 731,Tras Cerros,North Dakota,United Kingdom,12345,Room 1291,Rosso,Idaho,Japan,54321
C848,Evita McConaghy,PO Box 58915,Rancharia,Illinois,China,09876,Apt 603,Pasarnangka,Arkansas,Canada,09876
C849,Porter Alenshev,10th Floor,Soanindrariny,California,United States,54321,Apt 693,Gambaru,Minnesota,Canada,13579
C850,Janeva Mineghelli,13th Floor,Shuitou,New Hampshire,Australia,12345,Suite 51,Baliton,Mississippi,United States,54321
C851,Goober Stancliffe,Room 638,Karangpaningal,South Carolina,Mexico,67890,Apt 1811,Pingxiang,Indiana,Germany,12345
C852,Hastings Beavis,Room 262,Makiyivka,Illinois,France,09876,Room 1942,Vol’sk,Vermont,France,13579
C853,Ansel De Bruijne,11th Floor,Gorgān,Oregon,Brazil,09876,Room 1185,Jinshan,Vermont,France,09876
C854,Maryjane Ottam,17th Floor,Gaolong,Utah,Australia,12345,PO Box 66475,Turnišče,New Jersey,India,09876
C855,Emmet Local,8th Floor,Sharīfābād,Maryland,China,54321,Suite 88,Pajagan,Texas,France,12345
C856,Harley Dot,PO Box 37204,Shuiche,Missouri,Japan,12345,PO Box 88545,Leiria,Iowa,Mexico,09876
C857,Bettye Hubbis,PO Box 64213,Włoszczowa,Wyoming,France,13579,Apt 242,Otra Banda,Alabama,Japan,12345
C858,Oralie Bussell,PO Box 89417,Biaokou,Michigan,Mexico,12345,Apt 1996,Namballe,Texas,India,13579
C859,Keriann McAnellye,Room 693,Envira,Nevada,Mexico,09876,Apt 761,Rattanaburi,Mississippi,Canada,67890
C860,Archie Wintle,6th Floor,São Domingos,Missouri,Brazil,67890,19th Floor,Balekambang,New York,Australia,67890
C861,Hallie Merrydew,4th Floor,Shuiyang,Connecticut,Japan,54321,Suite 22,Karantaba,California,India,09876
C862,Trina Boydon,Room 1266,Brzeg Dolny,Ohio,Mexico,12345,Apt 1630,Lloqan,Alaska,Australia,12345
C863,Rockwell Deex,Suite 24,Qutqashen,Pennsylvania,Australia,12345,2nd Floor,Balauring,Oregon,Brazil,13579
C864,Sam Downse,5th Floor,Ust’-Kachka,West Virginia,France,13579,Suite 50,Tianbao,Kansas,Brazil,67890
C865,Chaddie Mariaud,Apt 1693,Sainte-Geneviève-des-Bois,Hawaii,United States,54321,PO Box 99491,Thành Phố Thái Bình,Colorado,Australia,12345
C866,Steffie Cowperthwaite,PO Box 47321,Vila,New Mexico,United States,13579,Suite 9,Aleksandrovac,Wisconsin,Japan,13579
C867,Flem Schutze,Apt 67,Wuyo,New York,China,54321,Room 1883,Łodygowice,Nebraska,Mexico,67890
C868,Jackquelin Gaunt,Suite 52,Mengcheng Chengguanzhen,Ohio,Mexico,09876,Room 1983,Pisarzowice,Georgia,United States,54321
C869,Nonna Kensley,Room 1090,Arrufó,Kentucky,Brazil,54321,PO Box 81947,Svetlyy,Iowa,India,67890
C870,Jany Kitchin,Apt 209,La Dorada,Illinois,Japan,67890,Room 1489,Sunzhen,New York,Canada,13579
C871,Loren Machen,PO Box 95805,Pittsburgh,Alabama,United States,54321,19th Floor,Penengahan,New York,United States,12345
C872,Chris Jonczyk,15th Floor,Singabarong,Florida,United States,67890,Suite 42,Tobol,Maryland,Brazil,09876
C873,Issiah Fillgate,Suite 81,Mangulewa,Illinois,Mexico,54321,Suite 64,Aniso,Mississippi,Canada,09876
C874,Otha Pidcock,13th Floor,Mabunga,Delaware,Australia,67890,Apt 1551,Olleros,Kansas,Brazil,09876
C875,Leanora Reynoollds,Apt 302,Middelburg,Georgia,Germany,12345,Apt 1093,Verona,Alaska,Brazil,67890
C876,Antonin Stockey,Apt 551,Horní Libina,Alaska,Australia,67890,Suite 93,Oslo,New Jersey,Canada,12345
C877,Kissie Boutflour,Apt 1484,Linköping,Florida,Mexico,12345,Room 950,Bancak Wetan,Idaho,United States,09876
C878,Jervis Mac Giany,Suite 53,Wau,West Virginia,Brazil,13579,15th Floor,Dasongshu,North Carolina,Australia,67890
C879,Margarette Larner,Suite 92,San Felipe,Montana,Mexico,13579,Suite 40,Al Maḩwīt,Nevada,United Kingdom,09876
C880,Brigida Panyer,PO Box 21600,Svorónos,Alabama,Germany,54321,PO Box 54279,Nazareth,Indiana,India,54321
C881,Corinne Duffyn,Suite 98,Pedra,Washington,France,54321,Room 1829,Monte Aprazível,West Virginia,Japan,12345
C882,Nissy Guiducci,PO Box 75568,Chuzhou,Utah,Mexico,54321,Room 732,Studzienice,North Dakota,United Kingdom,13579
C883,Arie Donner,PO Box 51886,Zudun,West Virginia,France,13579,Room 1714,Kasingan,Minnesota,France,12345
C884,Camel Janout,PO Box 56093,Balaklava,Nevada,France,67890,PO Box 45327,Извор,North Carolina,Canada,67890
C885,Basilius Gaitone,Apt 1415,Villeneuve-lès-Avignon,Kansas,Mexico,12345,Apt 1915,Banaran,South Carolina,Germany,12345
C886,Gerry Galier,PO Box 75441,Metz,Florida,China,09876,Room 1161,Kampungbajo,Iowa,Australia,12345
C887,Irena Niles,Room 139,Leudelange,Mississippi,United Kingdom,13579,Suite 95,Nizao,Georgia,Japan,54321
C888,Krystle Asling,5th Floor,Opatovice nad Labem,Maryland,Australia,13579,2nd Floor,Zhangwan,Pennsylvania,France,54321
C889,Adrien Raoult,4th Floor,Dąbrowa,Georgia,Germany,12345,PO Box 40019,Songbai,Vermont,Canada,67890
C890,Claudette Morpeth,Apt 790,Shang Boingor,Massachusetts,Germany,09876,Suite 14,Taytayan,North Dakota,Mexico,09876
C891,Lewie Khomich,14th Floor,Katunayaka,Ohio,United Kingdom,12345,Room 304,Batroûn,West Virginia,Australia,12345
C892,Twyla Lumly,3rd Floor,Oekefan,New Hampshire,Australia,09876,PO Box 95167,Songhe,Arizona,Japan,67890
C893,Marv Hinrichsen,Apt 1477,Yacheng,Virginia,Canada,13579,Suite 44,Strel'na,Idaho,Japan,67890
C894,Desiree Sijmons,Suite 13,Wuhao,Utah,Germany,09876,20th Floor,Sísion,Washington,France,54321
C895,Nev Rosenzveig,Apt 1809,Jianli,Washington,Germany,12345,19th Floor,Křižanov,Arkansas,Canada,54321
C896,Celina Wooles,Room 1210,Baratleke,New Jersey,Japan,54321,Apt 591,Río Grande,Alabama,United States,67890
C897,Titos Hoyles,Apt 441,Fāmenīn,California,Brazil,67890,PO Box 37513,Żyraków,New Hampshire,Canada,67890
C898,Eldredge Lake,Apt 1388,Dadaha,Maryland,Brazil,09876,Suite 67,Néa Magnisía,Arkansas,United Kingdom,67890
C899,Dyanna Harragin,Room 835,Gampola,Georgia,Canada,12345,14th Floor,Ivatsevichy,Illinois,Mexico,12345
C900,Elinor Sumers,Suite 3,Corquín,New Mexico,United Kingdom,13579,14th Floor,Banqiao,Colorado,Brazil,09876
C901,Harlen MacIlwrick,Suite 99,El Tablón,Oklahoma,Brazil,13579,Apt 1080,Gagarawa,Delaware,Brazil,13579
C902,Devin Debnam,11th Floor,Berlin,Wisconsin,China,09876,PO Box 24120,Ciangir,Alabama,Germany,54321
C903,Ottilie Vearncomb,Suite 56,Sudimoro,Louisiana,Japan,67890,Room 1028,Nioumamilima,Michigan,United Kingdom,12345
C904,Gabbey Cruxton,Apt 226,Žďár nad Sázavou,Hawaii,China,67890,PO Box 29612,Sobinka,Louisiana,United States,67890
C905,Willi Wardhaugh,PO Box 71040,Krasnoye,New Mexico,Germany,13579,Apt 328,Petrozavodsk,Rhode Island,Brazil,54321
C906,Gilemette Borleace,Apt 1351,Przyborów,South Carolina,Canada,67890,Suite 8,Hedi,Maine,Japan,09876
C907,Jarrad Lovewell,Suite 47,Xin’an,South Carolina,United Kingdom,13579,Suite 29,Bojongsari,New Jersey,India,12345
C908,Ari Brend,Suite 16,Pocohuanca,Oklahoma,Mexico,13579,Room 1466,Shāzand,Pennsylvania,Brazil,12345
C909,Miof mela Broek,9th Floor,Alameda,Louisiana,United States,09876,PO Box 91098,Lyasny,Tennessee,India,67890
C910,Hurleigh Attridge,Suite 48,Sens,Rhode Island,Canada,54321,Apt 971,Qiying,Connecticut,United Kingdom,67890
C911,Garwood Polley,PO Box 79945,Cabanaconde,Washington,Mexico,13579,Room 1707,Maredakamau,Connecticut,Brazil,67890
C912,Enrique Carless,Suite 79,Usarin,Arizona,Germany,12345,Apt 1971,Cimuncang,Kentucky,Canada,13579
C913,Teddi Bonick,Apt 1130,Hushi,Oregon,Mexico,54321,Apt 1169,Sembungan Kidul,Hawaii,Mexico,12345
C914,Rochette Daveren,Room 1774,Mantalongon,Missouri,Japan,67890,Suite 33,Yeosu,Delaware,France,12345
C915,Garv Francois,Suite 4,Gourcy,Connecticut,Germany,12345,Room 1012,Oughterard,Michigan,Canada,67890
C916,Roslyn Schorah,PO Box 36107,Dębów,Wisconsin,France,12345,PO Box 14789,Lương Bằng,Delaware,India,09876
C917,Ingmar Laphorn,3rd Floor,Kuningan,Kentucky,Japan,12345,Room 1216,San Ignacio,Missouri,Brazil,12345
C918,Kimble Kun,Room 432,Dadong’ao,New Mexico,Mexico,12345,Apt 657,Boissy-Saint-Léger,Georgia,Brazil,12345
C919,Darcy Adami,11th Floor,Venda Nova,South Dakota,Germany,13579,Apt 392,Sintung Timur,North Dakota,Mexico,67890
C920,Adriana Ivons,14th Floor,Emiliano Zapata,Utah,France,12345,14th Floor,Dalsjöfors,Oregon,Japan,13579
C921,Nessie Hastie,Apt 1179,Pavlodol’skaya,Georgia,United Kingdom,09876,1st Floor,Limassol,Minnesota,Canada,67890
C922,Lacie Cartin,Apt 760,Longvic,Iowa,China,67890,Room 147,Jales,Montana,Mexico,09876
C923,Carma Jaquiss,18th Floor,Xiamao,New York,United Kingdom,13579,5th Floor,Cabinda,Kansas,France,54321
C924,Aggi Joist,Apt 331,Neikeng,Indiana,China,09876,PO Box 52214,Dubiecko,Oklahoma,India,54321
C925,Lurlene Troup,Apt 812,Cheb,Hawaii,Canada,13579,7th Floor,Mtsamdou,New Jersey,United States,54321
C926,Karine Gregine,PO Box 81277,Yagoua,Connecticut,Mexico,67890,16th Floor,Kambingan,Kansas,France,13579
C927,Abra McGifford,Apt 1737,Warlubie,West Virginia,Australia,54321,Apt 1690,Holboo,Louisiana,Germany,12345
C928,Bryn Maysor,15th Floor,Tissa,Montana,Mexico,54321,PO Box 59008,Bergen,Mississippi,Japan,13579
C929,Elenore Quodling,PO Box 2663,Quinta,Colorado,Canada,12345,Suite 81,Teslić,Wisconsin,United States,67890
C930,Lizzy Arenson,Room 104,Juzhen,Illinois,Australia,12345,Suite 27,Béziers,Alaska,Brazil,67890
C931,Daryle Ebsworth,Suite 47,Kilju,Massachusetts,United Kingdom,54321,Suite 94,Taiping,Connecticut,India,09876
C932,Prudence Bartalin,Apt 1934,Paris 03,Iowa,Germany,67890,PO Box 82326,Tambakrejo,Oklahoma,Brazil,67890
C933,Ebonee Flipsen,Suite 2,Tongxing,Ohio,Brazil,12345,Suite 30,Sanshui,New Mexico,Mexico,12345
C934,Max Meyrick,Apt 1915,Chaumont,New Mexico,China,54321,Apt 1705,Montaneza,Wisconsin,India,13579
C935,Carin Beden,17th Floor,Novozybkov,Oregon,China,13579,Room 284,Tabatinga,Texas,Australia,54321
C936,Darcee Rottcher,Suite 73,Yongledian,Nevada,China,12345,7th Floor,Tunjë,Wisconsin,France,67890
C937,Nara Bondar,Room 1903,Ndewel,Kansas,Japan,67890,PO Box 52997,Qingfenglin,Wisconsin,France,67890
C938,Kyla Pyzer,Room 334,Rawa Satu,Nebraska,Canada,67890,Suite 49,Szemud,Alaska,Brazil,09876
C939,Reinhold Goby,PO Box 5467,Rimpakgede,Illinois,Germany,09876,PO Box 11072,Oklahoma City,Wisconsin,United States,54321
C940,Drusilla Doe,Room 1244,Jindui,Nebraska,Australia,13579,PO Box 85223,Xin’an,Maine,United States,13579
C941,Ephrayim Pouton,Suite 3,Lüderitz,Alaska,Australia,54321,8th Floor,Bromont,West Virginia,Canada,67890
C942,Karyn Popelay,14th Floor,Shuhong,Delaware,France,12345,PO Box 42204,Bantengan,Utah,United States,67890
C943,Con Bodham,Apt 964,Hamburg,North Carolina,Australia,09876,PO Box 34297,Konobeyevo,Colorado,United Kingdom,12345
C944,Jennee Calwell,Suite 79,Cibeureum,Vermont,United States,09876,Room 1514,Blansko,Wisconsin,Japan,09876
C945,Ewart Galier,PO Box 78548,Zarechnyy,Iowa,Japan,13579,Apt 1317,Saltsjö-Boo,Louisiana,India,54321
C946,Terrel Gidden,Suite 81,Santa Catalina Norte,Pennsylvania,United Kingdom,09876,Suite 56,Si Thep,West Virginia,Australia,09876
C947,Gilli Klimecki,Apt 1779,Chlewiska,Wyoming,Australia,54321,Suite 51,Philadelphia,Washington,France,09876
C948,Ianthe Thompson,PO Box 67064,Sult,Louisiana,Australia,54321,Suite 26,Mariano Moreno,Georgia,India,67890
C949,Evered Wolver,Room 1785,Pingtian,Wisconsin,Canada,12345,Apt 460,Batobato,Pennsylvania,Australia,09876
C950,Orville Aimeric,Apt 928,Vrtojba,Alaska,Japan,54321,Apt 329,Antas,New York,Japan,13579
C951,Helenka Kimbley,PO Box 30165,Ettelbruck,Massachusetts,China,09876,Apt 140,Kinna,Oklahoma,Australia,13579
C952,Suki Coghlan,Suite 95,Kangin,Alaska,Australia,12345,Suite 72,Masalovka,Minnesota,Japan,54321
C953,Melitta Castrillo,PO Box 22974,Wushi,Oregon,Mexico,13579,Apt 292,Abomsa,Maryland,Canada,54321
C954,Brnaby Gaitung,PO Box 39817,Lijiapu,Delaware,Mexico,09876,PO Box 25292,Solina,Missouri,Mexico,13579
C955,Kristine Elwill,PO Box 60203,Capitán Bado,California,Canada,09876,PO Box 32097,Kan,Massachusetts,Germany,09876
C956,Erin Membry,14th Floor,Chemnitz,New York,Mexico,09876,10th Floor,Paris La Défense,Maine,Brazil,13579
C957,Johannah Gianninotti,8th Floor,Arrën,Idaho,Brazil,12345,7th Floor,Danzao,Connecticut,United Kingdom,12345
C958,Rem Spires,Apt 1875,Sungaimaja,Montana,United States,54321,Room 1932,Bouça,Georgia,Japan,13579
C959,Jamie Launchbury,Room 1759,Milton,Massachusetts,Canada,09876,PO Box 30185,Muslyumovo,Colorado,United Kingdom,13579
C960,Herminia Caush,Room 349,Yongfa,North Carolina,Germany,09876,PO Box 12915,Bairro de Santo António,New Jersey,Australia,12345
C961,Panchito Foddy,Apt 383,La Romana,West Virginia,Canada,09876,Suite 22,San José de Miranda,Idaho,Germany,13579
C962,Bale Jikylls,Apt 1430,Shuangjie,Alaska,Japan,13579,20th Floor,Wakayama-shi,California,Brazil,54321
C963,Ardella Tasch,Suite 17,Estância Velha,Hawaii,Australia,09876,7th Floor,Naranjal,Ohio,United Kingdom,67890
C964,Chantalle Venditto,Room 1668,Astorga,Ohio,Brazil,12345,5th Floor,Deskle,Wisconsin,Canada,09876
C965,Kamila Hugett,10th Floor,Al Fūlah,Arizona,Brazil,67890,PO Box 9149,Ibiúna,California,Mexico,13579
C966,Olivier Millhill,Suite 93,Arevshat,South Carolina,United States,09876,Apt 587,Yinjiacheng,Maine,United Kingdom,12345
C967,Jasen Threlfall,PO Box 42418,Próchoma,Alabama,Brazil,09876,3rd Floor,La Loma,Michigan,Japan,12345
C968,Letta Terrey,PO Box 3058,Ongi,Texas,France,54321,Suite 49,Inkerman,Delaware,Australia,54321
C969,Giffie Cawthra,Apt 1718,Ozalj,Texas,United States,13579,Room 808,Kolomyagi,New Mexico,United States,12345
C970,Valdemar Arguile,Apt 134,Tromsø,Massachusetts,Mexico,54321,19th Floor,Aygestan,North Dakota,Australia,09876
C971,Alyse Donavan,Apt 942,Cigembong,Mississippi,France,13579,Suite 85,Paraíba do Sul,Virginia,Australia,67890
C972,Clareta Della,Suite 17,Viseu,Kansas,France,67890,8th Floor,Cartí Suitupo,Alaska,Brazil,09876
C973,Cloris Spaxman,20th Floor,Cruz de los Milagros,Nevada,China,67890,Suite 17,Arzakan,Virginia,Germany,67890
C974,Gayler Gerhardt,Room 1112,Kamieniec Wrocławski,Pennsylvania,Japan,09876,Room 132,Bacong,Minnesota,France,67890
C975,Nicol Qualtro,Apt 1175,Skoghall,Rhode Island,Japan,09876,Suite 84,Rybnik,Alabama,United Kingdom,54321
C976,Clarissa Hiers,PO Box 60840,Guojiaba,Missouri,Germany,12345,Suite 58,Yeliguan,Maine,Japan,12345
C977,Rodger Jery,Suite 92,Ligang,Oklahoma,France,09876,Suite 28,Brotas,South Dakota,Brazil,54321
C978,Tucky Pashenkov,Suite 22,Mégara,Massachusetts,Mexico,12345,PO Box 28820,Weyburn,Texas,United States,12345
C979,Land Wormleighton,Room 1872,Ganta,Wisconsin,Canada,67890,Suite 23,New Orleans,Wyoming,India,67890
C980,Morse Undrill,Suite 19,Trelleborg,Illinois,Japan,54321,Suite 10,Dordrecht,Oklahoma,Australia,13579
C981,Nessy Fireman,Room 1290,Quezalguaque,Massachusetts,Australia,54321,Apt 1965,Xunjian,Maine,Germany,67890
C982,Sula Geeve,PO Box 38639,Rosmalen,South Dakota,Australia,12345,Suite 63,Heshan,Idaho,Brazil,09876
C983,Vania Grinston,Room 1299,Tanlin,Louisiana,Japan,54321,PO Box 18966,Brasília de Minas,Ohio,Japan,13579
C984,Shalom Gyde,Room 1739,Brodnica,Oklahoma,Brazil,09876,PO Box 57032,Pingxiang,New Hampshire,Japan,67890
C985,Sky Hunday,Suite 76,West End,South Carolina,France,13579,PO Box 15556,Đạ Tẻh,Rhode Island,Canada,67890
C986,Claude Kingett,Suite 62,Jatiwangi,Mississippi,Canada,67890,PO Box 95986,Shuishi,Minnesota,Germany,67890
C987,Trstram Hadkins,Room 1933,Vila Chã de Ourique,Missouri,Brazil,67890,PO Box 43593,Buenavista,Montana,Canada,67890
C988,Davin Lorek,Apt 1422,Dębowiec,Oklahoma,Mexico,67890,Room 701,Pamplona,Virginia,Japan,13579
C989,Gusti Von Brook,PO Box 26520,Kapuan,West Virginia,Australia,09876,20th Floor,Cuevas,Illinois,Germany,09876
C990,Jordan Higford,Room 798,Siverskiy,Idaho,United Kingdom,54321,Suite 19,Paris 10,South Carolina,France,67890
C991,Dodi Corr,PO Box 74486,Balibago,Indiana,Australia,12345,Room 1074,Juazeiro do Norte,Minnesota,United States,54321
C992,Maxim Haulkham,Suite 15,Khon Kaen,Maine,China,54321,PO Box 26508,Sampao,Idaho,Brazil,67890
C993,Etan Search,Apt 1933,Wulan Haye,Texas,Brazil,67890,3rd Floor,Pingdingshan,Louisiana,Mexico,67890
C994,Brit Bellenger,Room 664,Astana,North Carolina,Australia,13579,PO Box 63201,Boca de Parita,Massachusetts,United Kingdom,67890
C995,Theresa Albone,19th Floor,Jember,Oregon,France,09876,Apt 476,‘Abasān al Kabīrah,Maine,Australia,54321
C996,Zandra Rossi,Room 584,Ḩablah,South Dakota,France,54321,Room 1123,Tekstil’shchiki,South Carolina,India,67890
C997,Merna Boards,Apt 889,Fontinha,Iowa,France,13579,PO Box 23056,Promyshlennaya,Iowa,Japan,67890
C998,Debera Lomansey,Apt 814,Hengqiao,Montana,Brazil,09876,Room 572,Bal Chirāgh,Vermont,Brazil,67890
C999,Ernesto Wadsworth,Suite 64,Nanshi,Idaho,United States,67890,Room 72,Mallawī,Hawaii,France,09876
C1000,Calla Geistbeck,Suite 29,Jiangkou,Arkansas,Mexico,13579,Room 710,Guadalupe,Ohio,Canada,54321
